Country Name,Country Code,Series,Series Code,1999 [YR1999],2000 [YR2000],2001 [YR2001],2002 [YR2002],2003 [YR2003],2004 [YR2004],2005 [YR2005],2006 [YR2006],2007 [YR2007],2008 [YR2008],2009 [YR2009],2010 [YR2010],2011 [YR2011],2012 [YR2012],2013 [YR2013],2014 [YR2014],2015 [YR2015],2016 [YR2016],2017 [YR2017],2018 [YR2018],2019 [YR2019],2020 [YR2020],2021 [YR2021],2022 [YR2022],2023 [YR2023],2024 [YR2024]
Algeria,DZA,"Enrolment in upper secondary education, both sexes (number)",UIS.E.3,938291,934128,994347,1066937,1134161,1209247,1216378,1240225,1040181,1062959,1112148,1306432,1332584,..,..,..,..,..,..,..,..,..,..,..,..,..
Algeria,DZA,"Enrolment in upper secondary education, female (number)",UIS.E.3.F,528831,539969,579978,617909,660634,705713,712699,732327,611441,625285,640304,754220,761505,..,..,..,..,..,..,..,..,..,..,..,..,..
Algeria,DZA,"Enrolment in upper secondary education, male (number)",UIS.E.3.M,409460,394159,414369,449028,473527,503534,..,507898,428740,437674,..,552212,..,..,..,..,..,..,..,..,..,..,..,..,..,..
Algeria,DZA,"Gross enrolment ratio, upper secondary, both sexes (%)",SE.SEC.ENRR.UP,42.20012,41.27963,43.3711,46.04692,48.66219,51.7728,52.13619,53.38487,44.8635,46.2086,49.3778,59.28201,62.51036,..,..,..,..,..,..,..,..,..,..,..,..,..
Algeria,DZA,"Gross enrolment ratio, upper secondary, female (%)",SE.SEC.ENRR.UP.FE,48.46427,48.62378,51.55777,54.39163,57.85033,61.6951,62.39076,64.3817,53.79671,55.39884,57.92069,69.71673,72.7852,..,..,..,..,..,..,..,..,..,..,..,..,..
Algeria,DZA,"Gross enrolment ratio, upper secondary, male (%)",SE.SEC.ENRR.UP.MA,36.16323,34.20263,35.4847,38.0201,39.83533,42.24959,42.29885,42.83529,36.27337,37.35529,41.14297,49.22013,52.60758,..,..,..,..,..,..,..,..,..,..,..,..,..
Algeria,DZA,"Total net enrolment rate, upper secondary, both sexes (%)",UIS.NERT.3,..,..,..,..,..,..,..,..,..,..,..,..,..,..,..,..,..,..,..,..,..,..,..,..,..,..
Algeria,DZA,"Total net enrolment rate, upper secondary, female (%)",UIS.NERT.3.F,..,..,..,..,..,..,..,..,..,..,..,..,..,..,..,..,..,..,..,..,..,..,..,..,..,..
Algeria,DZA,"Total net enrolment rate, upper secondary, male (%)",UIS.NERT.3.M,..,..,..,..,..,..,..,..,..,..,..,..,..,..,..,..,..,..,..,..,..,..,..,..,..,..
Algeria,DZA,"Out-of-school rate for adolescents and youth of lower and upper secondary school age, both sexes (%)",UIS.ROFST.2T3.CP,..,..,..,..,..,..,..,..,..,..,..,..,..,..,..,..,..,..,..,..,..,..,..,..,..,..
Algeria,DZA,"Out-of-school rate for youth of upper secondary school age, both sexes (%)",UIS.ROFST.3.CP,..,..,..,..,..,..,..,..,..,..,..,..,..,..,..,..,..,..,..,..,..,..,..,..,..,..
Algeria,DZA,"Out-of-school rate for youth of upper secondary school age, both sexes (household survey data) (%)",UIS.ROFST.H.3,..,..,..,..,..,..,..,..,..,..,..,..,..,..,25.39922,..,..,..,..,..,..,..,..,..,..,..
Albania,ALB,"Enrolment in upper secondary education, both sexes (number)",UIS.E.3,102161,104946,110996,122555,132932,142449,156015,164572,173269,177572,132803,140657,150134,152182,154425,151937,140042,130380,127114,120062,116646,..,..,..,..,..
Albania,ALB,"Enrolment in upper secondary education, female (number)",UIS.E.3.F,49015,50681,54452,..,..,67279,73287,78073,82892,84400,64543,65854,69388,70165,70891,69301,64494,61161,59586,56161,54469,..,..,..,..,..
Albania,ALB,"Enrolment in upper secondary education, male (number)",UIS.E.3.M,53146,54265,56544,..,..,75170,82728,86499,90377,93172,68260,74803,80746,82017,83534,82636,75548,69219,67528,63901,62177,..,..,..,..,..
Albania,ALB,"Gross enrolment ratio, upper secondary, both sexes (%)",SE.SEC.ENRR.UP,42.78833,43.4739,45.12986,48.79384,51.82918,54.67914,59.46577,62.86989,68.27743,72.18579,73.97672,80.13183,87.06752,90.59639,95.1092,97.67037,94.74076,93.05413,94.21156,92.13709,92.68727,..,..,..,..,..
Albania,ALB,"Gross enrolment ratio, upper secondary, female (%)",SE.SEC.ENRR.UP.FE,41.30083,42.18636,44.4111,..,..,52.34824,56.75883,60.8012,67.18975,71.2038,75.16099,79.00805,85.11045,87.8523,91.10783,92.15436,89.62355,89.50958,91.52152,90.45096,91.92149,..,..,..,..,..
Albania,ALB,"Gross enrolment ratio, upper secondary, male (%)",SE.SEC.ENRR.UP.MA,44.25846,44.74947,45.84438,..,..,56.9487,62.089,64.86176,69.30645,73.09901,72.89075,81.14796,88.82264,93.08372,98.79133,102.83225,99.59528,96.42812,96.72004,93.67176,93.36867,..,..,..,..,..
Albania,ALB,"Total net enrolment rate, upper secondary, both sexes (%)",UIS.NERT.3,..,46.99296,49.99959,..,..,..,..,..,..,..,..,..,..,..,81.66057,84.66518,84.87714,84.89209,86.06178,83.22666,82.03085,..,..,..,..,..
Albania,ALB,"Total net enrolment rate, upper secondary, female (%)",UIS.NERT.3.F,..,45.82973,48.41162,..,..,..,..,..,..,..,..,..,..,..,82.26706,84.21962,84.30261,85.17613,87.26999,85.31809,85.14918,..,..,..,..,..
Albania,ALB,"Total net enrolment rate, upper secondary, male (%)",UIS.NERT.3.M,..,48.14537,51.57817,..,..,..,..,..,..,..,..,..,..,..,81.10246,85.08213,85.42219,84.62171,84.93512,81.32311,79.25608,..,..,..,..,..
Albania,ALB,"Out-of-school rate for adolescents and youth of lower and upper secondary school age, both sexes (%)",UIS.ROFST.2T3.CP,..,28.65271,26.93695,..,..,..,..,..,..,..,..,..,..,..,11.25315,9.84378,8.57051,9.70045,9.67854,9.40083,10.36672,..,..,..,..,..
Albania,ALB,"Out-of-school rate for youth of upper secondary school age, both sexes (%)",UIS.ROFST.3.CP,..,53.00704,50.00041,..,..,..,..,..,..,..,..,..,..,..,18.33943,15.33482,15.12286,15.10791,13.93822,16.77334,17.96915,..,..,..,..,..
Albania,ALB,"Out-of-school rate for youth of upper secondary school age, both sexes (household survey data) (%)",UIS.ROFST.H.3,..,..,..,..,..,..,..,..,..,..,27.01845,..,..,..,..,..,..,..,20.70545,..,..,..,..,..,..,..
Austria,AUT,"Enrolment in upper secondary education, both sexes (number)",UIS.E.3,369377,368070,366461,367471,371534,371762,382082,388394,389567,389218,390882,382915,370947,367202,369841.60833,363187.58333,357536.08535,350733.69397,347205.92659,346135.10595,..,..,..,..,..,..
Austria,AUT,"Enrolment in upper secondary education, female (number)",UIS.E.3.F,171988,172051,171638,170544,172183,172021,177996,182670,183115,182345,182618,179610,174048,172765,174236.55,170998.16667,168415.61667,164855.55068,162965.76865,162145.97738,..,..,..,..,..,..
Austria,AUT,"Enrolment in upper secondary education, male (number)",UIS.E.3.M,197389,196019,194823,196927,199351,199741,204086,205724,206452,206873,208264,203305,196899,194437,195605.05833,192189.41667,189120.46868,185878.14329,184240.15794,183989.12857,..,..,..,..,..,..
Austria,AUT,"Gross enrolment ratio, upper secondary, both sexes (%)",SE.SEC.ENRR.UP,96.08583,95.28753,95.25989,95.38631,96.65121,96.64892,98.81218,99.44312,98.22172,96.99605,97.20628,96.05919,94.8294,95.68707,98.92463,99.7727,100.54135,100.35442,98.85204,98.01917,..,..,..,..,..,..
Austria,AUT,"Gross enrolment ratio, upper secondary, female (%)",SE.SEC.ENRR.UP.FE,91.70835,91.32316,91.47879,90.68836,91.7194,91.5736,94.29302,95.86561,94.5627,93.05975,93.03337,92.34922,91.23925,92.34128,95.63243,96.45546,97.29608,96.91001,95.39032,94.478,..,..,..,..,..,..
Austria,AUT,"Gross enrolment ratio, upper secondary, male (%)",SE.SEC.ENRR.UP.MA,100.25548,99.06203,98.8598,99.86663,101.35856,101.49338,103.12269,102.8512,101.71252,100.75245,101.18597,99.59389,98.24662,98.87013,102.0541,102.92204,103.61914,103.62082,102.13039,101.36751,..,..,..,..,..,..
Austria,AUT,"Total net enrolment rate, upper secondary, both sexes (%)",UIS.NERT.3,94.08544,92.66917,..,91.76472,92.1747,89.79727,94.81684,96.5709,96.73466,95.85194,95.20536,93.13463,93.91868,93.89451,91.33571,91.86998,91.87662,91.77928,91.18931,90.40722,..,..,..,..,..,..
Austria,AUT,"Total net enrolment rate, upper secondary, female (%)",UIS.NERT.3.F,93.01848,91.77061,..,90.70804,91.04928,87.46766,94.28773,96.98396,93.00107,92.27892,91.47142,89.94139,90.61622,90.69398,91.57208,92.19802,92.36832,92.20004,91.50145,90.89225,..,..,..,..,..,..
Austria,AUT,"Total net enrolment rate, upper secondary, male (%)",UIS.NERT.3.M,95.10173,93.5247,..,92.77245,93.2489,92.02091,95.32152,96.1774,94.52645,93.65211,92.86766,90.21133,90.77555,90.3981,91.11102,91.55854,91.4103,91.38027,90.8937,89.9486,..,..,..,..,..,..
Austria,AUT,"Out-of-school rate for adolescents and youth of lower and upper secondary school age, both sexes (%)",UIS.ROFST.2T3.CP,3.83595,3.86646,..,4.19158,3.94904,5.17484,3.05199,2.82238,2.77029,3.12608,3.32275,4.53947,4.40795,4.89072,6.09582,5.60882,5.14657,4.38602,4.59856,5.0779,..,..,..,..,..,..
Austria,AUT,"Out-of-school rate for youth of upper secondary school age, both sexes (%)",UIS.ROFST.3.CP,5.91456,7.33083,..,8.23528,7.8253,10.20273,5.18316,3.4291,3.26534,4.14806,4.79464,6.86537,6.08132,6.10549,8.66429,8.13002,8.12338,8.22072,8.81069,9.59278,..,..,..,..,..,..
Austria,AUT,"Out-of-school rate for youth of upper secondary school age, both sexes (household survey data) (%)",UIS.ROFST.H.3,..,..,..,..,..,..,..,..,..,..,..,..,..,..,..,..,..,..,..,..,..,..,..,..,..,..
Bulgaria,BGR,"Enrolment in upper secondary education, both sexes (number)",UIS.E.3,332448,329018,329427,334813,358934,374262,373160,367350,357286,337090,319813,306925,303375,282512,284093,286804,277734,266043,262182,289127,..,..,..,..,..,..
Bulgaria,BGR,"Enrolment in upper secondary education, female (number)",UIS.E.3.F,164462,162380,162996,165363,176329,181171,179802,176833,171443,162786,154206,146805,143971,134623,135276,138604,133329,127511,125947,137297,..,..,..,..,..,..
Bulgaria,BGR,"Enrolment in upper secondary education, male (number)",UIS.E.3.M,167986,166638,166431,169450,182605,193091,193358,190517,185843,174304,165607,160120,159404,147889,148817,148200,144405,138532,136235,151830,..,..,..,..,..,..
Bulgaria,BGR,"Gross enrolment ratio, upper secondary, both sexes (%)",SE.SEC.ENRR.UP,99.94559,101.60113,103.05221,105.38985,85.13413,89.13016,89.98334,90.80572,92.04867,91.40606,91.71738,93.15125,97.56957,96.66561,103.58604,111.08469,112.95832,111.46057,110.79782,121.37382,..,..,..,..,..,..
Bulgaria,BGR,"Gross enrolment ratio, upper secondary, female (%)",SE.SEC.ENRR.UP.FE,101.85171,103.33592,105.02252,107.10663,86.02632,88.62728,88.99063,89.71786,90.68611,90.71284,90.97538,91.70842,95.31915,94.8811,101.63257,110.63361,111.76974,110.1312,109.83622,119.04915,..,..,..,..,..,..
Bulgaria,BGR,"Gross enrolment ratio, upper secondary, male (%)",SE.SEC.ENRR.UP.MA,98.14732,99.96581,101.19293,103.76671,84.28999,89.60721,90.92653,91.83932,93.34247,92.06311,92.41926,94.51459,99.69542,98.34942,105.42808,111.5099,114.0784,112.71286,111.70191,123.55555,..,..,..,..,..,..
Bulgaria,BGR,"Total net enrolment rate, upper secondary, both sexes (%)",UIS.NERT.3,79.27691,81.87028,82.74439,83.76342,81.02986,82.59225,82.93726,83.26515,83.19434,82.5019,81.87809,81.19918,81.35187,81.42149,81.60564,83.68767,87.80834,89.69743,90.44462,87.85662,..,..,..,..,..,..
Bulgaria,BGR,"Total net enrolment rate, upper secondary, female (%)",UIS.NERT.3.F,78.79756,80.90596,81.92344,82.98152,80.45089,81.89503,81.70912,82.19778,82.1281,81.49923,80.50536,79.76799,79.6201,79.61955,79.64884,81.49854,85.80003,87.63096,88.4388,85.57592,..,..,..,..,..,..
Bulgaria,BGR,"Total net enrolment rate, upper secondary, male (%)",UIS.NERT.3.M,79.72914,82.77933,83.51908,84.50266,81.57765,83.25367,84.10415,84.27928,84.20677,83.45226,83.17661,82.55152,82.98779,83.12175,83.45082,85.75126,89.70091,91.64409,92.33046,89.99707,..,..,..,..,..,..
Bulgaria,BGR,"Out-of-school rate for adolescents and youth of lower and upper secondary school age, both sexes (%)",UIS.ROFST.2T3.CP,11.54172,10.34677,9.37774,9.06404,11.267,10.83041,11.13451,12.2638,12.88352,13.97957,14.87421,14.5424,12.78184,11.84726,9.96431,8.56098,7.51869,8.68038,9.81378,12.52118,..,..,..,..,..,..
Bulgaria,BGR,"Out-of-school rate for youth of upper secondary school age, both sexes (%)",UIS.ROFST.3.CP,20.72309,18.12972,17.25561,16.23658,18.97014,17.40775,17.06274,16.73485,16.80566,17.4981,18.12191,18.80082,18.64813,18.57851,18.39436,16.31233,12.19166,10.30257,9.55538,12.14338,..,..,..,..,..,..
Bulgaria,BGR,"Out-of-school rate for youth of upper secondary school age, both sexes (household survey data) (%)",UIS.ROFST.H.3,..,..,..,..,..,..,..,..,..,..,..,..,..,..,..,..,..,..,..,..,..,..,..,..,..,..
Croatia,HRV,"Enrolment in upper secondary education, both sexes (number)",UIS.E.3,200416,196023,195120,195000,196147,195340,192076,189661,187977,184183,181878,180582,180158,183807,188194,186351,181555,173475,165219,157954,..,..,..,..,..,..
Croatia,HRV,"Enrolment in upper secondary education, female (number)",UIS.E.3.F,100665,98501,98122,97920,98478,..,96281,94966,93856,91875,90772,93308,89956,91742,93603,92410,90860,86510,82545,78948,..,..,..,..,..,..
Croatia,HRV,"Enrolment in upper secondary education, male (number)",UIS.E.3.M,99751,97522,96998,97080,97669,..,95795,94695,94121,92308,91106,87274,90202,92065,94591,93941,90695,86965,82674,79006,..,..,..,..,..,..
Croatia,HRV,"Gross enrolment ratio, upper secondary, both sexes (%)",SE.SEC.ENRR.UP,81.08067,80.16415,80.68645,81.57323,82.92234,83.52896,83.50259,84.57419,86.85228,88.82925,91.42125,93.45685,94.41699,95.90014,96.66391,94.41182,92.04029,89.75042,89.23136,90.44756,..,..,..,..,..,..
Croatia,HRV,"Gross enrolment ratio, upper secondary, female (%)",SE.SEC.ENRR.UP.FE,83.38441,82.37109,82.89712,83.64727,85.01796,..,85.55345,86.6004,88.72084,90.68879,93.41374,98.88931,96.56594,98.0621,98.51288,95.95058,94.44219,91.83847,91.50925,92.86143,..,..,..,..,..,..
Croatia,HRV,"Gross enrolment ratio, upper secondary, male (%)",SE.SEC.ENRR.UP.MA,78.88136,78.05194,78.56697,79.5829,80.91143,..,81.53807,82.63522,85.06575,87.05263,89.51883,88.27236,92.36708,93.83855,94.90133,92.94555,89.75349,87.76542,87.06742,88.15765,..,..,..,..,..,..
Croatia,HRV,"Total net enrolment rate, upper secondary, both sexes (%)",UIS.NERT.3,77.06741,77.70185,79.24946,80.11872,80.76121,..,81.49237,..,..,86.43565,92.87994,91.1999,91.28038,93.06237,92.31903,89.94432,87.89695,85.63631,84.97553,86.16494,..,..,..,..,..,..
Croatia,HRV,"Total net enrolment rate, upper secondary, female (%)",UIS.NERT.3.F,79.69832,79.98528,81.49469,82.08571,83.07376,..,83.54526,..,..,88.41454,95.81464,96.86506,93.46573,95.21458,94.69142,92.03406,90.46535,88.01248,87.14359,88.51877,..,..,..,..,..,..
Croatia,HRV,"Total net enrolment rate, upper secondary, male (%)",UIS.NERT.3.M,74.55578,75.51643,77.09685,78.23111,78.54214,..,79.5259,..,..,84.54502,90.07792,85.79332,89.19575,91.01009,90.05749,87.95302,85.45161,83.3774,82.91594,83.93198,..,..,..,..,..,..
Croatia,HRV,"Out-of-school rate for adolescents and youth of lower and upper secondary school age, both sexes (%)",UIS.ROFST.2T3.CP,15.23968,14.77675,14.41463,13.54741,12.23983,..,10.08878,..,..,7.54114,4.17731,4.78914,4.90232,4.03064,4.81643,5.81361,7.18842,8.43085,8.83023,7.68771,..,..,..,..,..,..
Croatia,HRV,"Out-of-school rate for youth of upper secondary school age, both sexes (%)",UIS.ROFST.3.CP,22.93259,22.29815,20.75054,19.88128,19.23879,..,18.50763,..,..,13.56435,7.12006,8.8001,8.71962,6.93763,7.68097,10.05568,12.10305,14.36369,15.02447,13.83506,..,..,..,..,..,..
Croatia,HRV,"Out-of-school rate for youth of upper secondary school age, both sexes (household survey data) (%)",UIS.ROFST.H.3,..,..,..,..,..,..,..,..,..,..,..,..,..,..,..,..,..,..,..,..,..,..,..,..,..,..
Estonia,EST,"Enrolment in upper secondary education, both sexes (number)",UIS.E.3,55869,55603,55730,57557,56460,58105,60952,61033,60641,57638,55182,53315,50777,47111,43894,41107,40708,42239,44204,44736.917,..,..,..,..,..,..
Estonia,EST,"Enrolment in upper secondary education, female (number)",UIS.E.3.F,28790,28583,28457,29272,29082,29686,31074,31294,31025,29456,27911,26326,24856,23087,21604,20276,20047,20802,22040,22438.917,..,..,..,..,..,..
Estonia,EST,"Enrolment in upper secondary education, male (number)",UIS.E.3.M,27079,27020,27273,28285,27378,28419,29878,29739,29616,28182,27271,26989,25921,24024,22290,20831,20661,21437,22164,22298,..,..,..,..,..,..
Estonia,EST,"Gross enrolment ratio, upper secondary, both sexes (%)",SE.SEC.ENRR.UP,92.17786,91.18235,91.00707,93.09514,90.35046,91.96157,96.03882,97.287,100.44391,101.09447,103.54456,107.29955,109.69798,109.14672,108.69156,108.82353,114.58005,123.77004,131.1419,131.13946,..,..,..,..,..,..
Estonia,EST,"Gross enrolment ratio, upper secondary, female (%)",SE.SEC.ENRR.UP.FE,97.52049,96.47619,95.9408,97.85058,96.29164,97.31838,101.47938,103.39655,106.3994,106.77106,108.01053,109.06906,110.39751,109.94857,110.0112,110.42972,116.11352,125.42659,134.0225,134.53395,..,..,..,..,..,..
Estonia,EST,"Gross enrolment ratio, upper secondary, male (%)",SE.SEC.ENRR.UP.MA,87.10435,86.17995,86.37256,88.63715,84.79311,86.96144,90.96666,91.59198,94.8805,95.77245,99.34067,105.62796,109.03546,108.3871,107.4424,107.30438,113.13037,122.20385,128.39764,127.89217,..,..,..,..,..,..
Estonia,EST,"Total net enrolment rate, upper secondary, both sexes (%)",UIS.NERT.3,85.42815,88.79797,90.30488,91.67179,91.04177,90.75874,92.43847,93.41835,94.38656,94.08216,93.72338,92.67831,90.28474,88.20518,88.29487,91.80653,94.08354,96.02661,98.94087,98.79815,..,..,..,..,..,..
Estonia,EST,"Total net enrolment rate, upper secondary, female (%)",UIS.NERT.3.F,89.18095,92.70598,94.65965,95.86161,95.55659,93.91227,95.21244,96.67283,97.99376,97.50616,96.12244,93.64876,91.18366,89.0942,90.29433,92.76728,94.9609,96.93699,99.18516,98.32124,..,..,..,..,..,..
Estonia,EST,"Total net enrolment rate, upper secondary, male (%)",UIS.NERT.3.M,81.86438,85.10509,86.21421,87.74404,86.81863,87.81518,89.85234,90.38467,91.01685,90.87202,91.4651,91.76157,89.43339,87.36296,86.4022,90.89785,93.25412,95.16589,98.70815,99.25437,..,..,..,..,..,..
Estonia,EST,"Out-of-school rate for adolescents and youth of lower and upper secondary school age, both sexes (%)",UIS.ROFST.2T3.CP,8.15417,6.74542,5.67849,4.99834,5.22962,5.30972,4.47808,3.81582,3.83537,5.16841,6.06548,6.57264,6.43027,6.58186,6.67526,4.6132,3.37654,2.18241,1.18592,1.19821,..,..,..,..,..,..
Estonia,EST,"Out-of-school rate for youth of upper secondary school age, both sexes (%)",UIS.ROFST.3.CP,14.57185,11.20203,9.69512,8.32821,8.95823,9.24126,7.56153,6.58165,5.61344,5.91784,6.27662,7.32169,9.71526,11.79482,11.70513,8.19347,5.91646,3.97339,1.05913,1.20185,..,..,..,..,..,..
Estonia,EST,"Out-of-school rate for youth of upper secondary school age, both sexes (household survey data) (%)",UIS.ROFST.H.3,..,..,..,..,..,..,..,..,..,..,..,..,..,..,..,..,..,..,..,..,..,..,..,..,..,..
Finland,FIN,"Enrolment in upper secondary education, both sexes (number)",UIS.E.3,276513,296070,307193,309771,313917,228920,231568,230588,231561,230872,231494,233763,235210,233458,359603,357550,361678,362542,365210,365001,..,..,..,..,..,..
Finland,FIN,"Enrolment in upper secondary education, female (number)",UIS.E.3.F,145071,155342,162049,163964,165602,116813,117955,117263,118134,118323,118797,119881,120270,119379,188323,187714,189709,190199,191224,192240,..,..,..,..,..,..
Finland,FIN,"Enrolment in upper secondary education, male (number)",UIS.E.3.M,131442,140728,145144,145807,148315,112107,113613,113325,113427,112549,112697,113882,114940,114079,171280,169836,171969,172343,173986,172761,..,..,..,..,..,..
Finland,FIN,"Gross enrolment ratio, upper secondary, both sexes (%)",SE.SEC.ENRR.UP,138.00809,147.51133,153.36033,155.70607,159.69325,118.23769,121.15035,121.14914,120.53438,118.08947,115.97373,115.28594,115.56982,115.93715,182.93425,187.61741,195.68144,201.24117,204.80252,205.41564,..,..,..,..,..,..
Finland,FIN,"Gross enrolment ratio, upper secondary, female (%)",SE.SEC.ENRR.UP.FE,148.13896,158.41849,165.64516,168.74801,172.47334,123.52276,126.3402,126.09738,125.78687,123.67051,121.45815,120.51854,120.38557,120.78494,195.39838,201.29756,210.24348,216.68433,220.11902,221.96564,..,..,..,..,..,..
Finland,FIN,"Gross enrolment ratio, upper secondary, male (%)",SE.SEC.ENRR.UP.MA,128.32248,137.09231,141.63292,143.25562,147.49053,113.19137,116.19485,116.42182,115.51082,112.74066,110.70432,110.24715,110.92667,111.26402,170.94495,174.50936,181.79118,186.56686,190.2526,189.67842,..,..,..,..,..,..
Finland,FIN,"Total net enrolment rate, upper secondary, both sexes (%)",UIS.NERT.3,90.27351,92.37258,94.0267,93.16498,92.53466,90.75461,92.65307,94.04941,95.26995,94.00274,93.23628,92.09885,91.25402,90.6002,93.08152,93.0447,94.34886,95.66646,95.75209,96.30816,..,..,..,..,..,..
Finland,FIN,"Total net enrolment rate, upper secondary, female (%)",UIS.NERT.3.F,90.9465,93.74962,94.78989,93.97211,92.70122,90.48092,92.37599,93.65873,95.16057,94.19081,93.56399,92.3244,91.18554,90.46501,92.82831,93.05645,94.45325,95.95908,95.46234,95.46347,..,..,..,..,..,..
Finland,FIN,"Total net enrolment rate, upper secondary, male (%)",UIS.NERT.3.M,89.63009,91.05716,93.29814,92.39445,92.37562,91.01593,92.91763,94.42264,95.37456,93.8225,92.92141,91.88166,91.32004,90.73052,93.32508,93.03344,94.24929,95.38841,96.02734,97.11136,..,..,..,..,..,..
Finland,FIN,"Out-of-school rate for adolescents and youth of lower and upper secondary school age, both sexes (%)",UIS.ROFST.2T3.CP,5.03982,5.03464,4.69709,4.48983,3.87853,4.70457,3.65763,2.92941,2.94651,3.85535,4.55965,4.92484,5.30606,5.85989,4.202,4.10354,3.26225,2.62486,2.38098,1.89211,..,..,..,..,..,..
Finland,FIN,"Out-of-school rate for youth of upper secondary school age, both sexes (%)",UIS.ROFST.3.CP,9.72649,7.62742,5.9733,6.83502,7.46534,9.24539,7.34693,5.95059,4.73005,5.99726,6.76372,7.90115,8.74598,9.3998,6.91848,6.9553,5.65114,4.33354,4.24791,3.69184,..,..,..,..,..,..
Finland,FIN,"Out-of-school rate for youth of upper secondary school age, both sexes (household survey data) (%)",UIS.ROFST.H.3,..,..,..,..,..,..,..,..,..,..,..,..,..,..,..,..,..,..,..,..,..,..,..,..,..,..
France,FRA,"Enrolment in upper secondary education, both sexes (number)",UIS.E.3,2648922,2624784,2575803,2564113,2583587,2578420,2684196,2699447,2686940,2666873,2628838,2624260,2622571,2616643,2581511,2598357,2606528,2657990,2704929,2730647,..,..,..,..,..,..
France,FRA,"Enrolment in upper secondary education, female (number)",UIS.E.3.F,1299004,1291662,1272823,1269192,1285661,1278388,1329290,1332652,1324389,1311956,1294524,1299578,1296858,1290426,1281044,1292751,1289688,1313078,1332819,1342924,..,..,..,..,..,..
France,FRA,"Enrolment in upper secondary education, male (number)",UIS.E.3.M,1349918,1333122,1302980,1294921,1297926,1300032,1354906,1366795,1362551,1354917,1334314,1324682,1325713,1326217,1300467,1305606,1316840,1344912,1372110,1387723,..,..,..,..,..,..
France,FRA,"Gross enrolment ratio, upper secondary, both sexes (%)",SE.SEC.ENRR.UP,108.38754,109.39426,108.19938,105.52661,104.9157,103.73944,107.69549,108.19067,108.6,108.81794,109.66693,111.11902,111.71357,110.72522,108.32003,107.50148,106.96103,106.36287,107.18703,107.76999,..,..,..,..,..,..
France,FRA,"Gross enrolment ratio, upper secondary, female (%)",SE.SEC.ENRR.UP.FE,108.80943,109.79982,108.83945,106.36751,106.41999,105.03782,108.94712,109.1756,109.62677,109.66158,110.48019,112.68196,113.19943,111.77445,110.16293,109.6988,108.61674,107.80758,108.6684,108.96448,..,..,..,..,..,..
France,FRA,"Gross enrolment ratio, upper secondary, male (%)",SE.SEC.ENRR.UP.MA,107.98463,109.00416,107.58134,104.71522,103.46698,102.49361,106.49516,107.2473,107.62026,108.01333,108.88928,109.62725,110.29731,109.72305,106.56395,105.41084,105.38767,104.98923,105.78624,106.63874,..,..,..,..,..,..
France,FRA,"Total net enrolment rate, upper secondary, both sexes (%)",UIS.NERT.3,90.96642,90.78637,90.61803,90.83091,90.21842,89.64384,93.26627,93.13895,93.31838,93.30324,93.14829,92.73551,93.05499,93.85723,94.18028,93.72783,94.28584,94.44494,95.06626,95.46092,..,..,..,..,..,..
France,FRA,"Total net enrolment rate, upper secondary, female (%)",UIS.NERT.3.F,91.37409,90.99805,90.67126,91.07201,90.62479,90.22829,93.83227,93.67468,94.04365,93.90973,93.82073,93.40319,93.79596,94.32598,94.61768,94.29906,95.01042,95.08499,95.90412,96.08103,..,..,..,..,..,..
France,FRA,"Total net enrolment rate, upper secondary, male (%)",UIS.NERT.3.M,90.57709,90.58276,90.56663,90.59826,89.82705,89.08304,92.72348,92.62582,92.62633,92.7248,92.5053,92.09824,92.34873,93.4095,93.76349,93.18434,93.5973,93.83638,94.27397,94.87363,..,..,..,..,..,..
France,FRA,"Out-of-school rate for adolescents and youth of lower and upper secondary school age, both sexes (%)",UIS.ROFST.2T3.CP,6.69823,6.93312,7.22766,7.37106,7.62598,7.84804,3.46339,3.48976,3.56593,3.42421,3.36863,3.4264,3.86282,3.56931,3.60484,4.22161,3.6838,3.39062,2.90398,2.42613,..,..,..,..,..,..
France,FRA,"Out-of-school rate for youth of upper secondary school age, both sexes (%)",UIS.ROFST.3.CP,9.03358,9.21363,9.38197,9.16909,9.78158,10.35616,6.73373,6.86105,6.68162,6.69676,6.85171,7.26449,6.94501,6.14277,5.81972,6.27217,5.71416,5.55506,4.93374,4.53908,..,..,..,..,..,..
France,FRA,"Out-of-school rate for youth of upper secondary school age, both sexes (household survey data) (%)",UIS.ROFST.H.3,..,..,..,..,..,..,..,..,..,..,..,..,..,..,..,..,..,..,..,..,..,..,..,..,..,..
Germany,DEU,"Enrolment in upper secondary education, both sexes (number)",UIS.E.3,2677071,2747026,2747508,2781870,2781860,2796288,2837136,2922253,2881990,2921267,2745415,2746649,2725758,2645504,2575681.33908,2579952.19367,2569631.4214,2556652.52948,2490585.71497,2423944.41964,..,..,..,..,..,..
Germany,DEU,"Enrolment in upper secondary education, female (number)",UIS.E.3.F,1255003,1301704,1304021,1320267,1315473,1323299,1343257,1376733,1363895,1377232,1250191,1257781,1249033,1207048,1181120.84164,1182723.63048,1176773.81653,1169643.63104,1134017.25112,1092973.39111,..,..,..,..,..,..
Germany,DEU,"Enrolment in upper secondary education, male (number)",UIS.E.3.M,1422068,1445322,1443487,1461603,1466387,1472989,1493879,1545520,1518095,1544035,1495224,1488868,1476725,1438456,1394560.49744,1397228.56319,1392857.60487,1387008.89844,1356568.46385,1330971.02853,..,..,..,..,..,..
Germany,DEU,"Gross enrolment ratio, upper secondary, both sexes (%)",SE.SEC.ENRR.UP,100.50201,101.68619,100.3913,99.90293,98.49858,97.97315,99.09111,102.91692,102.92035,106.94489,103.84215,107.49109,109.75351,106.95603,103.51681,102.68871,101.52296,100.76054,98.19791,96.06027,..,..,..,..,..,..
Germany,DEU,"Gross enrolment ratio, upper secondary, female (%)",SE.SEC.ENRR.UP.FE,96.23252,98.46654,97.41984,96.82166,95.06099,94.66437,95.9074,99.2665,99.76476,103.26176,96.82546,100.78923,102.99927,100.16123,97.62943,97.00045,95.96579,95.30482,92.6905,90.03892,..,..,..,..,..,..
Germany,DEU,"Gross enrolment ratio, upper secondary, male (%)",SE.SEC.ENRR.UP.MA,104.59743,104.77159,103.23592,102.85982,101.80104,101.14932,102.13985,106.40245,105.93063,110.45911,110.53994,113.8886,116.19842,113.41204,109.08836,108.0523,106.74539,105.87135,103.33028,101.64212,..,..,..,..,..,..
Germany,DEU,"Total net enrolment rate, upper secondary, both sexes (%)",UIS.NERT.3,..,..,..,91.66946,90.6797,90.49625,92.30623,93.30908,94.0161,94.08061,92.28573,91.94564,94.18398,89.41228,88.7355,89.09322,88.62628,87.87032,88.50902,86.12195,..,..,..,..,..,..
Germany,DEU,"Total net enrolment rate, upper secondary, female (%)",UIS.NERT.3.F,..,..,..,91.00041,90.07949,89.72355,91.55127,92.88957,93.8038,93.87312,92.49356,92.25542,94.49753,88.88479,88.12245,88.43799,88.13204,86.77605,86.56898,84.38135,..,..,..,..,..,..
Germany,DEU,"Total net enrolment rate, upper secondary, male (%)",UIS.NERT.3.M,..,..,..,92.3115,91.25631,91.23799,93.02918,93.70963,94.21863,94.27858,92.08734,91.64992,93.88479,89.91347,89.31566,89.71105,89.09076,88.89542,90.31695,87.7355,..,..,..,..,..,..
Germany,DEU,"Out-of-school rate for adolescents and youth of lower and upper secondary school age, both sexes (%)",UIS.ROFST.2T3.CP,..,..,..,3.01329,3.32543,3.36017,3.19194,3.50365,4.00838,3.69813,4.13953,4.48523,4.19906,5.02423,5.93376,6.57312,7.03476,7.29854,7.12175,7.93523,..,..,..,..,..,..
Germany,DEU,"Out-of-school rate for youth of upper secondary school age, both sexes (%)",UIS.ROFST.3.CP,..,..,..,8.33054,9.3203,9.50375,7.69377,6.69092,5.9839,5.91939,7.71427,8.05436,5.81602,10.58772,11.2645,10.90678,11.37372,12.12968,11.49098,13.87805,..,..,..,..,..,..
Germany,DEU,"Out-of-school rate for youth of upper secondary school age, both sexes (household survey data) (%)",UIS.ROFST.H.3,..,..,..,..,..,..,..,..,..,..,..,..,..,..,..,..,..,..,..,..,..,..,..,..,..,..
Greece,GRC,"Enrolment in upper secondary education, both sexes (number)",UIS.E.3,393401,372288,382350,406346,372802,366968,380818,368257,340129,..,..,364053,362337,370357,371024,353054,341987,340810,344163,344893,..,..,..,..,..,..
Greece,GRC,"Enrolment in upper secondary education, female (number)",UIS.E.3.F,197782,190114,193052,200493,183646,178835,181796,175789,162182,..,..,173192,173402,177437,178705,167325,159950,160613,162809,163851,..,..,..,..,..,..
Greece,GRC,"Enrolment in upper secondary education, male (number)",UIS.E.3.M,195619,182174,189298,205853,189156,188133,199022,192468,177947,..,..,190861,188935,192920,192319,185729,182037,180197,181354,181042,..,..,..,..,..,..
Greece,GRC,"Gross enrolment ratio, upper secondary, both sexes (%)",SE.SEC.ENRR.UP,84.60309,81.96439,87.33699,96.80229,93.28539,96.46999,104.34885,103.4924,96.23714,..,..,106.94293,107.56212,111.63872,112.62605,107.43762,104.34259,104.68488,106.85869,108.37138,..,..,..,..,..,..
Greece,GRC,"Gross enrolment ratio, upper secondary, female (%)",SE.SEC.ENRR.UP.FE,88.74441,87.38222,92.03251,99.27362,95.04552,96.72089,101.95845,100.68964,93.98749,..,..,106.18957,107.6924,111.09115,111.77026,104.19067,99.40648,100.3756,102.93748,105.01654,..,..,..,..,..,..
Greece,GRC,"Gross enrolment ratio, upper secondary, male (%)",SE.SEC.ENRR.UP.MA,80.79123,76.98328,83.01743,94.51079,91.6378,96.2327,106.63245,106.19217,98.38338,..,..,107.63587,107.44283,112.14714,113.43309,110.54113,109.10284,108.85011,110.64243,111.59795,..,..,..,..,..,..
Greece,GRC,"Total net enrolment rate, upper secondary, both sexes (%)",UIS.NERT.3,74.85785,74.35553,75.59064,79.7248,77.70746,81.42041,92.74196,92.90167,87.30293,..,..,96.20202,..,..,95.01412,92.42696,91.70964,92.28371,93.42602,95.00646,..,..,..,..,..,..
Greece,GRC,"Total net enrolment rate, upper secondary, female (%)",UIS.NERT.3.F,78.38352,78.3036,79.11806,81.87512,79.72922,82.71804,93.35741,92.36017,87.61627,..,..,97.26604,..,..,95.39109,92.49541,90.81818,91.27503,92.13975,93.78621,..,..,..,..,..,..
Greece,GRC,"Total net enrolment rate, upper secondary, male (%)",UIS.NERT.3.M,71.61265,70.7257,72.34565,77.73095,75.81498,80.19315,92.15401,93.42327,87.004,..,..,95.22335,..,..,94.65861,92.36153,92.56933,93.25867,94.6672,96.18004,..,..,..,..,..,..
Greece,GRC,"Out-of-school rate for adolescents and youth of lower and upper secondary school age, both sexes (%)",UIS.ROFST.2T3.CP,18.82066,18.79199,16.48832,13.33709,13.7421,12.1084,5.60336,5.76141,9.15757,..,..,2.85615,..,..,5.20973,7.24371,5.96849,6.004,5.13142,4.48112,..,..,..,..,..,..
Greece,GRC,"Out-of-school rate for youth of upper secondary school age, both sexes (%)",UIS.ROFST.3.CP,25.14215,25.64447,24.40936,20.2752,22.29254,18.57959,7.25804,7.09833,12.69707,..,..,3.79798,..,..,4.98588,7.57304,8.29036,7.71629,6.57398,4.99354,..,..,..,..,..,..
Greece,GRC,"Out-of-school rate for youth of upper secondary school age, both sexes (household survey data) (%)",UIS.ROFST.H.3,..,..,..,..,..,..,..,..,..,..,..,..,..,..,..,..,..,..,..,..,..,..,..,..,..,..
Hungary,HUN,"Enrolment in upper secondary education, both sexes (number)",UIS.E.3,499513,494976,502254,509784,525777,468338,471542,473773,474642,476426,481426,486306,481738,470968,500438,471205,441327,422270,424863,416814,..,..,..,..,..,..
Hungary,HUN,"Enrolment in upper secondary education, female (number)",UIS.E.3.F,250416,246714,250097,253876,260991,229333,230566,232161,232816,231585,235568,237172,233304,227664,246930,231995,217045,206413,207741,202641,..,..,..,..,..,..
Hungary,HUN,"Enrolment in upper secondary education, male (number)",UIS.E.3.M,249097,248262,252157,255908,264786,239005,240976,241612,241826,244841,245858,249134,248434,243304,253508,239210,224282,215857,217122,214173,..,..,..,..,..,..
Hungary,HUN,"Gross enrolment ratio, upper secondary, both sexes (%)",SE.SEC.ENRR.UP,87.58392,92.12301,97.02185,100.18552,103.58954,92.17782,93.10548,94.1021,95.38395,95.87946,96.26864,96.78348,96.5138,97.65407,109.09658,108.49384,106.44363,105.30765,107.82258,106.57806,..,..,..,..,..,..
Hungary,HUN,"Gross enrolment ratio, upper secondary, female (%)",SE.SEC.ENRR.UP.FE,89.83985,93.90258,98.77137,101.92712,105.00036,92.15046,92.94468,94.17035,95.66261,95.39079,96.4723,96.7145,95.83083,96.7881,110.43134,109.66646,107.55824,105.84142,108.45376,106.62959,..,..,..,..,..,..
Hungary,HUN,"Gross enrolment ratio, upper secondary, male (%)",SE.SEC.ENRR.UP.MA,85.42743,90.42012,95.3468,98.51558,102.23556,92.20409,93.25985,94.0366,95.11721,96.3463,96.07431,96.84923,97.16409,98.47853,107.82711,107.38029,105.38676,104.80225,107.22551,106.52935,..,..,..,..,..,..
Hungary,HUN,"Total net enrolment rate, upper secondary, both sexes (%)",UIS.NERT.3,80.82672,83.72284,86.72439,88.58305,89.78422,87.63209,88.65656,89.18916,90.96023,91.4643,90.33426,90.16355,88.23895,88.37008,89.42057,89.12149,87.69955,87.75197,87.80425,87.91525,..,..,..,..,..,..
Hungary,HUN,"Total net enrolment rate, upper secondary, female (%)",UIS.NERT.3.F,81.819,84.30123,87.31122,88.88532,90.12963,86.95774,88.52653,89.29271,91.06471,91.40603,90.45917,90.15981,88.23227,88.28751,89.33208,89.29358,87.81524,87.59313,88.20661,88.2084,..,..,..,..,..,..
Hungary,HUN,"Total net enrolment rate, upper secondary, male (%)",UIS.NERT.3.M,79.87818,83.16938,86.16253,88.29322,89.45273,88.27952,88.78139,89.08981,90.86021,91.51995,90.21508,90.16712,88.2453,88.4487,89.50473,88.95807,87.58987,87.90237,87.42364,87.63815,..,..,..,..,..,..
Hungary,HUN,"Out-of-school rate for adolescents and youth of lower and upper secondary school age, both sexes (%)",UIS.ROFST.2T3.CP,10.95741,9.52874,7.51701,5.98941,5.23636,6.68546,5.78826,5.62157,5.76671,5.94555,6.98191,7.46323,8.37548,7.94034,7.12527,7.07558,7.80695,8.01753,7.91731,7.64864,..,..,..,..,..,..
Hungary,HUN,"Out-of-school rate for youth of upper secondary school age, both sexes (%)",UIS.ROFST.3.CP,19.17328,16.27716,13.27561,11.41695,10.21578,12.36791,11.34344,10.81084,9.03977,8.5357,9.66574,9.83645,11.76105,11.62992,10.57943,10.87851,12.30045,12.24803,12.19575,12.08475,..,..,..,..,..,..
Hungary,HUN,"Out-of-school rate for youth of upper secondary school age, both sexes (household survey data) (%)",UIS.ROFST.H.3,..,..,..,..,..,..,..,..,..,..,..,..,..,..,..,..,..,..,..,..,..,..,..,..,..,..
Italy,ITA,"Enrolment in upper secondary education, both sexes (number)",UIS.E.3,2627346,2590615,2657003,2685592,2690469,2700698,2715164,2767341,2823132,2847785,2817537,2848592,2842838,2780343,2780440,2801670,2833176,2829860,2830490,2854562,..,..,..,..,..,..
Italy,ITA,"Enrolment in upper secondary education, female (number)",UIS.E.3.F,1301435,1221065,1303242,1303719,1313105,1319873,1325011,1348982,1373685,1384417,1371221,1382393,1374009,1344735,1346367,1353007,1366340,1364940,1364533,1374128,..,..,..,..,..,..
Italy,ITA,"Enrolment in upper secondary education, male (number)",UIS.E.3.M,1325911,1369550,1353761,1381873,1377364,1380825,1390153,1418359,1449447,1463368,1446316,1466199,1468829,1435608,1434073,1448663,1466836,1464920,1465957,1480434,..,..,..,..,..,..
Italy,ITA,"Gross enrolment ratio, upper secondary, both sexes (%)",SE.SEC.ENRR.UP,84.29078,85.2347,89.1988,91.56184,92.69105,93.66389,94.61689,96.80594,98.57883,99.40551,98.49183,99.87242,100.06924,98.10172,98.38668,99.34996,100.54781,100.42354,99.8469,100.14897,..,..,..,..,..,..
Italy,ITA,"Gross enrolment ratio, upper secondary, female (%)",SE.SEC.ENRR.UP.FE,85.53699,82.37765,89.82375,91.29864,92.9832,94.15055,95.00977,97.09139,98.71327,99.47919,98.71511,99.88995,99.79467,97.95714,98.53742,99.50827,100.87047,101.01052,100.17083,100.08084,..,..,..,..,..,..
Italy,ITA,"Gross enrolment ratio, upper secondary, male (%)",SE.SEC.ENRR.UP.MA,83.10238,87.95444,88.60533,91.81154,92.41424,93.20339,94.24542,96.536,98.45175,99.33591,98.28107,99.85589,100.32745,98.23754,98.24558,99.20257,100.24911,99.88273,99.54727,100.21228,..,..,..,..,..,..
Italy,ITA,"Total net enrolment rate, upper secondary, both sexes (%)",UIS.NERT.3,79.62472,81.64829,82.30153,84.87203,85.69379,87.3001,88.25358,91.4709,90.22973,93.77859,93.11248,94.58217,90.58521,89.73884,92.70228,93.15772,94.21888,94.18757,94.74914,94.55902,..,..,..,..,..,..
Italy,ITA,"Total net enrolment rate, upper secondary, female (%)",UIS.NERT.3.F,81.10048,80.19664,84.29601,85.83215,87.07842,89.13263,90.18432,93.21568,91.76504,94.71769,94.07834,95.27363,91.50088,90.61415,93.3075,93.84608,95.11786,95.59449,95.22994,94.92483,..,..,..,..,..,..
Italy,ITA,"Total net enrolment rate, upper secondary, male (%)",UIS.NERT.3.M,78.21744,83.03017,80.40752,83.96114,84.38183,85.56609,86.42812,89.82096,88.77854,92.89143,92.2008,93.93046,89.72408,88.91659,92.13575,92.51679,93.38665,92.8913,94.30438,94.21904,..,..,..,..,..,..
Italy,ITA,"Out-of-school rate for adolescents and youth of lower and upper secondary school age, both sexes (%)",UIS.ROFST.2T3.CP,13.6105,11.90577,11.36502,9.77737,9.14374,8.1311,7.57763,5.5852,6.37592,4.09984,4.53838,3.58271,6.1057,6.56406,4.6344,4.37076,3.77241,4.01167,3.8992,4.16664,..,..,..,..,..,..
Italy,ITA,"Out-of-school rate for youth of upper secondary school age, both sexes (%)",UIS.ROFST.3.CP,20.37528,18.35171,17.69847,15.12797,14.30621,12.6999,11.74642,8.5291,9.77027,6.22141,6.88752,5.41783,9.41479,10.26116,7.29772,6.84228,5.78112,5.81243,5.25086,5.44098,..,..,..,..,..,..
Italy,ITA,"Out-of-school rate for youth of upper secondary school age, both sexes (household survey data) (%)",UIS.ROFST.H.3,..,..,..,..,..,..,..,..,..,..,..,..,..,..,..,..,..,..,..,..,..,..,..,..,..,..
Lithuania,LTU,"Enrolment in upper secondary education, both sexes (number)",UIS.E.3,100642,98235,100957,106734,112320,103817,106029,106698,104065,103969,104166,105314,101396,92727,91247,86435,80545,75417,73557,68626,..,..,..,..,..,..
Lithuania,LTU,"Enrolment in upper secondary education, female (number)",UIS.E.3.F,50609,49523,51499,53999,56328,52303,53277,53730,52414,52373,52212,51991,49366,44225,43306,41226,38381,35432,34655,32395,..,..,..,..,..,..
Lithuania,LTU,"Enrolment in upper secondary education, male (number)",UIS.E.3.M,50033,48712,49458,52735,55992,51514,52752,52968,51651,51596,51954,53323,52030,48502,47941,45209,42164,39985,38902,36231,..,..,..,..,..,..
Lithuania,LTU,"Gross enrolment ratio, upper secondary, both sexes (%)",SE.SEC.ENRR.UP,100.7256,97.60932,97.22923,99.42525,104.10989,95.76949,99.34972,106.84545,108.95261,108.70643,106.37324,107.53569,110.42309,113.1024,120.41834,119.32603,116.85382,114.047,114.88793,113.52711,..,..,..,..,..,..
Lithuania,LTU,"Gross enrolment ratio, upper secondary, female (%)",SE.SEC.ENRR.UP.FE,103.30897,100.02424,101.26635,102.47073,105.54837,98.41566,101.94214,108.99243,111.42669,111.86271,109.22784,108.3191,109.69247,110.51829,117.14456,116.61245,113.95107,110.56606,111.895,110.38231,..,..,..,..,..,..
Lithuania,LTU,"Gross enrolment ratio, upper secondary, male (%)",SE.SEC.ENRR.UP.MA,98.24069,95.27088,93.35397,96.48882,102.70181,93.22451,96.86197,104.7523,106.55183,105.6797,103.65095,106.78268,111.12535,115.56625,123.53699,121.91301,119.62776,117.31999,117.69226,116.49465,..,..,..,..,..,..
Lithuania,LTU,"Total net enrolment rate, upper secondary, both sexes (%)",UIS.NERT.3,79.67113,82.81217,91.0145,92.13701,93.98161,94.46694,96.7411,97.79848,97.20333,96.4025,96.73217,98.17221,97.95916,96.39446,96.33256,96.43409,96.49489,96.19526,96.83717,97.01897,..,..,..,..,..,..
Lithuania,LTU,"Total net enrolment rate, upper secondary, female (%)",UIS.NERT.3.F,84.51662,86.59692,94.92872,95.04336,95.27611,96.61304,98.1918,..,..,..,..,..,99.07786,96.96621,96.92978,97.01864,97.1706,96.867,97.64619,97.88742,..,..,..,..,..,..
Lithuania,LTU,"Total net enrolment rate, upper secondary, male (%)",UIS.NERT.3.M,75.01031,79.14727,87.25722,89.33472,92.71447,92.40291,95.34897,..,..,..,..,..,96.88388,95.84932,95.76365,95.87682,95.84917,95.56364,96.07914,96.19948,..,..,..,..,..,..
Lithuania,LTU,"Out-of-school rate for adolescents and youth of lower and upper secondary school age, both sexes (%)",UIS.ROFST.2T3.CP,5.09448,4.13801,2.24421,2.3198,1.79812,1.50038,0.98176,0.59459,0.83967,1.10748,1.33081,1.1138,0.77873,1.13576,1.03822,1.10362,1.05193,1.1179,0.90889,0.94707,..,..,..,..,..,..
Lithuania,LTU,"Out-of-school rate for youth of upper secondary school age, both sexes (%)",UIS.ROFST.3.CP,20.32887,17.18783,8.9855,7.86299,6.01839,5.53306,3.2589,2.20152,2.79667,3.5975,3.26783,1.82779,2.04084,3.60554,3.66744,3.56591,3.50511,3.80474,3.16283,2.98103,..,..,..,..,..,..
Lithuania,LTU,"Out-of-school rate for youth of upper secondary school age, both sexes (household survey data) (%)",UIS.ROFST.H.3,..,..,..,..,..,..,..,..,..,..,..,..,..,..,..,..,..,..,..,..,..,..,..,..,..,..
Liechtenstein,LIE,"Enrolment in upper secondary education, both sexes (number)",UIS.E.3,..,..,..,..,1614,1538,1526,1570,1464,1450,1370,1503,1550,1541,..,1780,1786,1729,1706,1560,..,..,..,..,..,..
Liechtenstein,LIE,"Enrolment in upper secondary education, female (number)",UIS.E.3.F,..,..,..,..,661,605,634,634,600,601,592,625,640,643,..,717,731,711,717,671.5,..,..,..,..,..,..
Liechtenstein,LIE,"Enrolment in upper secondary education, male (number)",UIS.E.3.M,..,..,..,..,953,933,892,936,864,849,778,878,910,898,..,1063,1055,1018,989,888.5,..,..,..,..,..,..
Liechtenstein,LIE,"Gross enrolment ratio, upper secondary, both sexes (%)",SE.SEC.ENRR.UP,..,..,..,..,131.21951,124.73642,121.30366,121.70543,112.52882,111.36713,107.28269,116.69255,123.60447,117.99387,..,133.83459,138.55702,135.28951,137.3591,127.65957,..,..,..,..,..,..
Liechtenstein,LIE,"Gross enrolment ratio, upper secondary, female (%)",SE.SEC.ENRR.UP.FE,..,..,..,..,107.83034,98.85621,102.92208,105.49085,95.69378,95.09494,90.79755,96.15385,100.7874,100.62598,..,108.96657,110.92564,106.43713,111.85647,110.44408,..,..,..,..,..,..
Liechtenstein,LIE,"Gross enrolment ratio, upper secondary, male (%)",SE.SEC.ENRR.UP.MA,..,..,..,..,154.45705,150.24155,138.94081,135.84906,128.18991,126.71642,124.48,137.61755,147.01131,134.63268,..,158.18452,167.46032,166.88525,164.55907,144.70684,..,..,..,..,..,..
Liechtenstein,LIE,"Total net enrolment rate, upper secondary, both sexes (%)",UIS.NERT.3,..,..,..,..,..,87.85121,..,..,..,90.16897,88.99388,90.53321,88.13562,91.32426,..,87.89474,86.62171,86.70094,87.27858,84.28805,..,..,..,..,..,..
Liechtenstein,LIE,"Total net enrolment rate, upper secondary, female (%)",UIS.NERT.3.F,..,..,..,..,..,..,..,..,..,82.59494,..,..,..,..,..,..,..,..,77.3791,78.28947,..,..,..,..,..,..
Liechtenstein,LIE,"Total net enrolment rate, upper secondary, male (%)",UIS.NERT.3.M,..,..,..,..,..,..,..,..,..,97.31343,..,..,..,..,..,..,..,..,97.83694,90.22801,..,..,..,..,..,..
Liechtenstein,LIE,"Out-of-school rate for adolescents and youth of lower and upper secondary school age, both sexes (%)",UIS.ROFST.2T3.CP,..,..,..,..,9.71983,7.77646,..,..,..,7.29829,7.48564,7.38052,8.0696,6.91496,..,7.3337,8.37192,8.58021,12.66352,9.17997,..,..,..,..,..,..
Liechtenstein,LIE,"Out-of-school rate for youth of upper secondary school age, both sexes (%)",UIS.ROFST.3.CP,..,..,..,..,..,12.14879,..,..,..,9.83103,11.00612,9.46679,11.86438,8.67574,..,12.10526,13.37829,13.29906,12.72142,15.71195,..,..,..,..,..,..
Liechtenstein,LIE,"Out-of-school rate for youth of upper secondary school age, both sexes (household survey data) (%)",UIS.ROFST.H.3,..,..,..,..,..,..,..,..,..,..,..,..,..,..,..,..,..,..,..,..,..,..,..,..,..,..
Luxembourg,LUX,"Enrolment in upper secondary education, both sexes (number)",UIS.E.3,16662,17093,17499,17666,17874,18006,18239,18834,19491,19949,..,21486,22116,22822,24409,24903,25367,25953,26085,26294,..,..,..,..,..,..
Luxembourg,LUX,"Enrolment in upper secondary education, female (number)",UIS.E.3.F,8389,8673,8879,8953,9038,9219,9361,9593,9856,10046,..,10711,11058,11407,12115,12322,12714,13120,13205,13236,..,..,..,..,..,..
Luxembourg,LUX,"Enrolment in upper secondary education, male (number)",UIS.E.3.M,8273,8420,8620,8713,8836,8787,8878,9241,9635,9903,..,10775,11058,11415,12294,12581,12653,12833,12880,13058,..,..,..,..,..,..
Luxembourg,LUX,"Gross enrolment ratio, upper secondary, both sexes (%)",SE.SEC.ENRR.UP,88.50056,89.32379,90.21963,89.21321,88.56407,87.52248,86.81104,87.52672,88.11483,87.84236,..,90.31906,91.32051,90.77963,94.31972,94.16191,94.57182,96.16853,95.33643,95.49301,..,..,..,..,..,..
Luxembourg,LUX,"Gross enrolment ratio, upper secondary, female (%)",SE.SEC.ENRR.UP.FE,91.32375,93.028,94.03728,92.92164,91.81227,91.49464,90.62833,90.50854,90.49674,90.09057,..,92.28052,93.78339,93.32406,96.2654,95.69742,97.26132,99.7112,99.17386,98.99035,..,..,..,..,..,..
Luxembourg,LUX,"Gross enrolment ratio, upper secondary, male (%)",SE.SEC.ENRR.UP.MA,85.8106,85.80454,86.59835,85.69883,85.47108,83.70963,83.11956,84.63229,85.80461,85.6735,..,88.45017,88.98366,88.37191,92.47781,92.70503,92.01513,92.79774,91.6987,92.19147,..,..,..,..,..,..
Luxembourg,LUX,"Total net enrolment rate, upper secondary, both sexes (%)",UIS.NERT.3,82.13736,81.9189,82.77995,82.11292,81.96908,81.466,79.81913,81.41556,81.64557,82.46587,..,84.29947,83.55356,83.25776,83.45377,81.96393,81.35182,82.18401,81.13373,80.60287,..,..,..,..,..,..
Luxembourg,LUX,"Total net enrolment rate, upper secondary, female (%)",UIS.NERT.3.F,85.086,84.88684,86.15759,84.68085,84.39659,84.96427,83.30913,84.19662,83.24304,83.62479,..,85.41397,85.94691,85.72364,84.89472,83.58962,83.23133,84.00213,83.86031,83.17254,..,..,..,..,..,..
Luxembourg,LUX,"Total net enrolment rate, upper secondary, male (%)",UIS.NERT.3.M,79.32787,79.09915,79.57605,79.67935,79.65757,78.10803,76.44415,78.716,80.09618,81.34787,..,83.23756,81.28269,80.92436,82.08966,80.42149,79.56512,80.45412,78.54905,78.17707,..,..,..,..,..,..
Luxembourg,LUX,"Out-of-school rate for adolescents and youth of lower and upper secondary school age, both sexes (%)",UIS.ROFST.2T3.CP,12.9441,12.51397,15.59561,16.26368,16.05437,16.48816,13.27532,12.35326,12.05387,11.23498,..,9.66329,10.42583,10.976,11.63602,12.27978,12.94793,12.55757,13.46778,13.19669,..,..,..,..,..,..
Luxembourg,LUX,"Out-of-school rate for youth of upper secondary school age, both sexes (%)",UIS.ROFST.3.CP,17.86264,18.0811,17.22005,17.88708,18.03092,18.534,20.18087,18.58444,18.35443,17.53413,..,15.70053,16.44644,16.74224,16.54623,18.03607,18.64818,17.81599,18.86627,19.39713,..,..,..,..,..,..
Luxembourg,LUX,"Out-of-school rate for youth of upper secondary school age, both sexes (household survey data) (%)",UIS.ROFST.H.3,..,..,..,..,..,..,..,..,..,..,..,..,..,..,..,..,..,..,..,..,..,..,..,..,..,..
Moldova,MDA,"Enrolment in upper secondary education, both sexes (number)",UIS.E.3,94851,81869,88291,94938,102623,111543,114020,114050,113199,107552,105288,99899,96131,92430,88273,78988,70955,66357,67533,66049,64721,..,..,..,..,..
Moldova,MDA,"Enrolment in upper secondary education, female (number)",UIS.E.3.F,47456,42385,45134,48757,53169,58548,60323,59661,59033,55839,54339,51509,49024,47021,44488,39747,35258,32828,32682,31893,31321,..,..,..,..,..
Moldova,MDA,"Enrolment in upper secondary education, male (number)",UIS.E.3.M,47395,39484,43157,46181,49454,52995,53697,54389,54166,51713,50949,48390,47107,45409,43785,39241,35697,33529,34851,34156,33400,..,..,..,..,..
Moldova,MDA,"Gross enrolment ratio, upper secondary, both sexes (%)",SE.SEC.ENRR.UP,70.74526,58.13073,60.26443,65.25352,69.07756,75.54145,78.95138,81.93541,84.43717,84.42006,87.17121,86.25069,86.96018,89.59781,91.77323,87.92368,84.58907,83.07502,87.51199,87.78092,88.03662,..,..,..,..,..
Moldova,MDA,"Gross enrolment ratio, upper secondary, female (%)",SE.SEC.ENRR.UP.FE,68.4455,60.85689,62.38459,68.0555,72.57378,80.6313,84.83412,87.08999,89.7049,89.05742,91.55841,90.74717,90.38681,92.95076,94.44633,90.40395,86.03079,84.39508,87.07769,87.36372,87.91119,..,..,..,..,..
Moldova,MDA,"Gross enrolment ratio, upper secondary, male (%)",SE.SEC.ENRR.UP.MA,73.20822,55.46362,58.19601,62.53521,65.67596,70.61669,73.24549,76.94016,79.35829,79.92612,82.9329,81.92947,83.65952,86.37159,89.20786,85.54642,83.21173,81.82195,87.92321,88.1741,88.15456,..,..,..,..,..
Moldova,MDA,"Total net enrolment rate, upper secondary, both sexes (%)",UIS.NERT.3,..,41.34241,51.61222,54.64049,58.03032,62.47545,66.01462,68.20719,66.46427,76.71839,66.33881,66.42492,65.50214,65.66726,64.98971,62.23828,60.7079,60.17577,64.87754,64.51896,64.67844,..,..,..,..,..
Moldova,MDA,"Total net enrolment rate, upper secondary, female (%)",UIS.NERT.3.F,..,40.3176,51.09609,56.23438,58.27578,63.24024,70.38126,72.09693,70.885,81.77193,69.51928,69.45966,67.45824,67.65572,66.81174,63.62871,61.58163,61.14967,65.36555,64.39215,65.22398,..,..,..,..,..
Moldova,MDA,"Total net enrolment rate, upper secondary, male (%)",UIS.NERT.3.M,..,42.34503,52.11575,53.09419,57.7915,61.73547,61.77927,64.43769,62.20204,71.82115,63.26627,63.50846,63.61796,63.75395,63.24111,60.90558,59.87319,59.25131,64.41546,64.63846,64.16543,..,..,..,..,..
Moldova,MDA,"Out-of-school rate for adolescents and youth of lower and upper secondary school age, both sexes (%)",UIS.ROFST.2T3.CP,..,19.96921,17.90726,17.54241,16.64388,16.05086,15.1879,14.88924,17.02593,14.50884,18.83196,19.46019,20.56117,20.23878,21.08983,21.75798,22.26902,22.14993,20.84082,20.92183,21.12592,..,..,..,..,..
Moldova,MDA,"Out-of-school rate for youth of upper secondary school age, both sexes (%)",UIS.ROFST.3.CP,..,58.65759,48.38778,45.35951,41.96968,37.52455,33.98538,31.79281,33.53573,23.28161,33.66119,33.57508,34.49786,34.33274,35.01029,37.76172,39.2921,39.82423,35.12246,35.48104,35.32156,..,..,..,..,..
Moldova,MDA,"Out-of-school rate for youth of upper secondary school age, both sexes (household survey data) (%)",UIS.ROFST.H.3,..,..,..,..,..,..,31.35281,..,..,..,..,..,..,28.19912,..,..,..,..,..,..,..,..,..,..,..,..
Netherlands,NLD,"Enrolment in upper secondary education, both sexes (number)",UIS.E.3,629095,623635,626283,609844,624646,617056,627136,644592,669053,694469,704717,713358,747957,747194,..,..,797021,794456,836080,830159,..,..,..,..,..,..
Netherlands,NLD,"Enrolment in upper secondary education, female (number)",UIS.E.3.F,300252,300474,306238,300622,312159,305420,308441,316672,328981,341343,346958,352986,366897,364633,..,..,401416,401387,420663,416943,..,..,..,..,..,..
Netherlands,NLD,"Enrolment in upper secondary education, male (number)",UIS.E.3.M,328843,323161,320045,309222,312487,311636,318695,327920,340072,353126,..,..,381060,382561,..,..,395605,393069,415417,413216,..,..,..,..,..,..
Netherlands,NLD,"Gross enrolment ratio, upper secondary, both sexes (%)",SE.SEC.ENRR.UP,114.378,112.12182,111.24309,106.80636,107.97964,105.44253,106.1424,108.25783,111.1273,114.36841,115.47229,116.86596,123.0899,122.87637,..,..,132.79832,131.9565,137.93968,135.83533,..,..,..,..,..,..
Netherlands,NLD,"Gross enrolment ratio, upper secondary, female (%)",SE.SEC.ENRR.UP.FE,111.47529,110.31386,111.09426,107.55206,110.25678,106.67198,106.74139,108.80143,111.71173,114.92411,116.29072,118.39288,123.72097,122.87259,..,..,137.16309,136.81891,142.47302,140.10511,..,..,..,..,..,..
Netherlands,NLD,"Gross enrolment ratio, upper secondary, male (%)",SE.SEC.ENRR.UP.MA,117.16357,113.85684,111.38586,106.09123,105.7969,104.26479,105.56904,107.738,110.56771,113.83633,114.6895,115.40804,122.48834,122.87998,..,..,128.6445,127.33537,133.6339,131.78296,..,..,..,..,..,..
Netherlands,NLD,"Total net enrolment rate, upper secondary, both sexes (%)",UIS.NERT.3,99.1056,..,..,97.43442,94.80764,95.34198,93.56175,96.22487,97.0302,97.01723,95.86328,95.81984,96.20292,95.46462,..,..,99.18335,99.87024,99.93556,99.68304,..,..,..,..,..,..
Netherlands,NLD,"Total net enrolment rate, upper secondary, female (%)",UIS.NERT.3.F,..,..,..,96.83271,94.61924,95.14769,94.07463,96.49035,97.22334,97.084,96.08887,96.01272,96.39051,95.36692,..,..,99.42981,..,..,..,..,..,..,..,..,..
Netherlands,NLD,"Total net enrolment rate, upper secondary, male (%)",UIS.NERT.3.M,..,..,..,98.01145,94.98823,95.52811,93.07083,95.971,96.84526,96.95331,95.64752,95.63567,96.0241,95.55775,..,..,98.94879,..,..,..,..,..,..,..,..,..
Netherlands,NLD,"Out-of-school rate for adolescents and youth of lower and upper secondary school age, both sexes (%)",UIS.ROFST.2T3.CP,0.82713,..,..,1.8725,2.62352,2.34716,3.40683,1.99519,2.19517,2.69903,3.40815,3.17931,2.32912,2.52078,..,..,0.70897,0.46173,0.96478,1.42638,..,..,..,..,..,..
Netherlands,NLD,"Out-of-school rate for youth of upper secondary school age, both sexes (%)",UIS.ROFST.3.CP,0.8944,..,..,2.56558,5.19236,4.65802,6.43825,3.77513,2.9698,2.98277,4.13672,4.18016,3.79708,4.53538,..,..,0.81665,0.12976,0.06444,0.31696,..,..,..,..,..,..
Netherlands,NLD,"Out-of-school rate for youth of upper secondary school age, both sexes (household survey data) (%)",UIS.ROFST.H.3,..,..,..,..,..,..,..,..,..,..,..,..,..,..,..,..,..,..,..,..,..,..,..,..,..,..
Norway,NOR,"Enrolment in upper secondary education, both sexes (number)",UIS.E.3,222253,213380,207903,204920,209888,218225,217160,224215,235665,238722,235771,243210,244370,241523,252083,249882,248942,252015,253500,253849,..,..,..,..,..,..
Norway,NOR,"Enrolment in upper secondary education, female (number)",UIS.E.3.F,110774,106249,103237,101678,104078,108983,106561,108583,113691,114352,111956,116382,117199,114605,118587,117245,116962,118815,119028,119261,..,..,..,..,..,..
Norway,NOR,"Enrolment in upper secondary education, male (number)",UIS.E.3.M,111479,107131,104666,103242,105810,109242,110599,115632,121974,124370,123815,126828,127171,126918,133496,132637,131980,133200,134472,134588,..,..,..,..,..,..
Norway,NOR,"Gross enrolment ratio, upper secondary, both sexes (%)",SE.SEC.ENRR.UP,141.4057,135.5155,131.11614,127.04357,127.37314,129.37372,125.74916,126.86652,130.33271,129.17997,124.74128,125.98291,124.53307,121.88282,126.86166,125.83569,125.85668,128.47748,128.98597,129.56305,..,..,..,..,..,..
Norway,NOR,"Gross enrolment ratio, upper secondary, female (%)",SE.SEC.ENRR.UP.FE,144.23698,138.25684,133.56751,129.16084,129.3055,132.29624,126.52545,126.25196,129.08284,127.01121,121.70321,124.11168,123.22339,119.35659,123.15993,121.8649,122.10252,125.06842,124.89953,125.22812,..,..,..,..,..,..
Norway,NOR,"Gross enrolment ratio, upper secondary, male (%)",SE.SEC.ENRR.UP.MA,138.70033,132.90203,128.78482,125.02513,125.52793,126.58401,125.01017,127.44908,131.5197,131.24044,127.62196,127.75036,125.76495,124.25764,130.34173,129.56754,129.38201,131.67911,132.83284,133.66305,..,..,..,..,..,..
Norway,NOR,"Total net enrolment rate, upper secondary, both sexes (%)",UIS.NERT.3,92.80288,91.7324,91.003,89.30992,89.38416,89.63054,90.77728,92.43378,95.08401,94.81001,93.33362,91.32867,90.17933,90.09941,91.38933,91.66725,91.58283,92.22808,92.41043,92.40585,..,..,..,..,..,..
Norway,NOR,"Total net enrolment rate, upper secondary, female (%)",UIS.NERT.3.F,93.46354,92.33952,91.63044,89.9685,89.82855,90.21219,91.35133,93.169,95.59131,95.10069,93.41457,91.57318,90.59415,90.50084,91.54195,91.91552,92.15785,92.95368,92.84043,92.95427,..,..,..,..,..,..
Norway,NOR,"Total net enrolment rate, upper secondary, male (%)",UIS.NERT.3.M,92.1716,91.15359,90.40629,88.68208,88.95981,89.07532,90.23081,91.73684,94.60223,94.53385,93.25685,91.09773,89.78916,89.72205,91.24585,91.43393,91.04286,91.54664,92.00565,91.88714,..,..,..,..,..,..
Norway,NOR,"Out-of-school rate for adolescents and youth of lower and upper secondary school age, both sexes (%)",UIS.ROFST.2T3.CP,4.61112,5.22891,5.53619,5.73894,5.39522,5.28918,4.69364,3.8014,2.49176,3.2489,4.19474,4.65039,5.07323,5.49933,4.92521,4.57228,4.46469,4.21461,4.28533,4.14057,..,..,..,..,..,..
Norway,NOR,"Out-of-school rate for youth of upper secondary school age, both sexes (%)",UIS.ROFST.3.CP,7.19712,8.2676,8.997,10.69008,10.61584,10.36946,9.22272,7.56622,4.91599,5.18999,6.66638,8.67133,9.82067,9.90059,8.61067,8.33275,8.41717,7.77192,7.58957,7.59415,..,..,..,..,..,..
Norway,NOR,"Out-of-school rate for youth of upper secondary school age, both sexes (household survey data) (%)",UIS.ROFST.H.3,..,..,..,..,..,..,..,..,..,..,..,..,..,..,..,..,..,..,..,..,..,..,..,..,..,..
Poland,POL,"Enrolment in upper secondary education, both sexes (number)",UIS.E.3,2667197,2726922,2779205,2198251,2174698,1798874,1793104,1714935,1670076,1623932,1568040,1509981,1455073,1390703,1589524,1491765,1431508,1366869,1325609,1289692,..,..,..,..,..,..
Poland,POL,"Enrolment in upper secondary education, female (number)",UIS.E.3.F,1300123,1321900,1341230,1050752,1034839,897748,878969,833640,813568,793998,767802,738369,711486,679846,762503,714299,685592,655756,634883,617867,..,..,..,..,..,..
Poland,POL,"Enrolment in upper secondary education, male (number)",UIS.E.3.M,1367074,1405022,1437975,1147499,1139859,901126,914135,881295,856508,829934,800238,771612,743587,710857,827021,777466,745916,711113,690726,671825,..,..,..,..,..,..
Poland,POL,"Gross enrolment ratio, upper secondary, both sexes (%)",SE.SEC.ENRR.UP,98.72061,100.68164,103.59159,109.96951,112.07016,96.19416,99.59094,98.59977,98.87337,98.53538,97.42998,96.40827,96.01844,95.78412,114.91352,113.4435,114.41209,114.55096,115.76754,116.97133,..,..,..,..,..,..
Poland,POL,"Gross enrolment ratio, upper secondary, female (%)",SE.SEC.ENRR.UP.FE,98.53044,99.97361,102.43088,107.68274,109.23444,98.33323,100.02481,98.25111,98.7667,98.81435,97.87313,96.75204,96.41424,96.05954,112.98249,111.24662,112.12725,112.3703,113.20781,114.2514,..,..,..,..,..,..
Poland,POL,"Gross enrolment ratio, upper secondary, male (%)",SE.SEC.ENRR.UP.MA,98.90215,101.35701,104.69818,112.15037,114.77521,94.15368,99.1773,98.93187,98.9749,98.26996,97.00854,96.08159,95.64275,95.52219,116.75332,115.53978,116.59583,116.63824,118.22459,119.58969,..,..,..,..,..,..
Poland,POL,"Total net enrolment rate, upper secondary, both sexes (%)",UIS.NERT.3,88.15255,86.73671,91.03837,91.09594,91.39027,87.47554,90.99896,91.34537,91.81928,91.73397,91.04195,89.33749,88.50898,87.93999,90.50284,90.74803,92.97275,93.70571,94.85757,96.39751,..,..,..,..,..,..
Poland,POL,"Total net enrolment rate, upper secondary, female (%)",UIS.NERT.3.F,90.3178,89.61897,92.83206,93.05902,92.94056,89.80114,91.65725,92.00581,92.59985,92.70626,92.25124,90.35165,89.70495,89.04758,91.12176,91.06817,93.35357,93.91604,94.91077,96.44487,..,..,..,..,..,..
Poland,POL,"Total net enrolment rate, upper secondary, male (%)",UIS.NERT.3.M,86.08558,83.98743,89.32832,89.22378,89.91142,85.25714,90.37135,90.71631,91.07628,90.8089,89.89193,88.37376,87.3738,86.88664,89.91316,90.44255,92.60877,93.5044,94.8065,96.35192,..,..,..,..,..,..
Poland,POL,"Out-of-school rate for adolescents and youth of lower and upper secondary school age, both sexes (%)",UIS.ROFST.2T3.CP,8.39367,9.62249,7.4472,6.64062,6.31356,7.93284,5.95454,6.22421,6.78023,7.71788,8.54971,9.32653,9.70027,9.58062,7.9418,7.36142,5.67426,4.88116,4.22166,2.86483,..,..,..,..,..,..
Poland,POL,"Out-of-school rate for youth of upper secondary school age, both sexes (%)",UIS.ROFST.3.CP,11.84745,13.26329,8.96163,8.90406,8.60973,12.52446,9.00104,8.65463,8.18072,8.26603,8.95805,10.66251,11.49102,12.06001,9.49716,9.25197,7.02725,6.29429,5.14243,3.60249,..,..,..,..,..,..
Poland,POL,"Out-of-school rate for youth of upper secondary school age, both sexes (household survey data) (%)",UIS.ROFST.H.3,..,..,..,..,..,..,..,..,..,..,..,..,..,..,..,..,..,..,..,..,..,..,..,..,..,..
Portugal,PRT,"Enrolment in upper secondary education, both sexes (number)",UIS.E.3,407077,405903,400344,395724,372499,304073,306427,282513,293614,302300,329137,341459,344621,348434,398447,385210,393618,391538,399775,401050,..,..,..,..,..,..
Portugal,PRT,"Enrolment in upper secondary education, female (number)",UIS.E.3.F,213918,209896,207155,202511,196781,161671,163136,151191,155737,159769,170500,173857,174036,174616,197782,190353,193796,192368,196527,198603,..,..,..,..,..,..
Portugal,PRT,"Enrolment in upper secondary education, male (number)",UIS.E.3.M,193159,196007,193189,193213,175718,142402,143291,131322,137877,142531,158637,167602,170585,173818,200665,194857,199822,199170,203248,202447,..,..,..,..,..,..
Portugal,PRT,"Gross enrolment ratio, upper secondary, both sexes (%)",SE.SEC.ENRR.UP,94.25479,96.60148,98.16997,100.59867,98.43222,83.48493,86.97307,82.12587,86.50157,89.53137,97.50387,100.77442,101.05921,103.10681,118.76639,115.55861,118.90992,119.31896,122.95321,124.54389,..,..,..,..,..,..
Portugal,PRT,"Gross enrolment ratio, upper secondary, female (%)",SE.SEC.ENRR.UP.FE,101.03053,101.96452,103.7596,105.23223,106.36351,90.83559,94.75011,89.87428,93.83273,96.82735,103.45434,105.18492,104.6361,105.18719,119.26864,115.01761,117.70894,118.02804,122.17346,125.29367,..,..,..,..,..,..
Portugal,PRT,"Gross enrolment ratio, upper secondary, male (%)",SE.SEC.ENRR.UP.MA,87.73813,91.45061,92.80883,96.16079,90.84602,76.46032,79.54027,74.71028,79.4868,82.55823,91.8272,96.57386,97.65348,101.09812,118.27548,116.09204,120.09833,120.59288,123.71671,123.81701,..,..,..,..,..,..
Portugal,PRT,"Total net enrolment rate, upper secondary, both sexes (%)",UIS.NERT.3,80.8956,85.8871,80.06312,78.81887,78.55837,..,81.26724,82.2939,..,..,..,..,..,..,97.08693,98.72544,98.67213,98.4505,98.72714,99.20935,..,..,..,..,..,..
Portugal,PRT,"Total net enrolment rate, upper secondary, female (%)",UIS.NERT.3.F,86.7689,91.18347,81.8807,80.1852,82.29482,..,84.98853,85.24238,..,..,..,..,..,..,96.36131,..,..,..,..,..,..,..,..,..,..,..
Portugal,PRT,"Total net enrolment rate, upper secondary, male (%)",UIS.NERT.3.M,75.24687,80.80026,78.31983,77.51024,74.98449,..,77.71067,79.47205,..,..,..,..,..,..,97.79617,..,..,..,..,..,..,..,..,..,..,..
Portugal,PRT,"Out-of-school rate for adolescents and youth of lower and upper secondary school age, both sexes (%)",UIS.ROFST.2T3.CP,10.12374,7.59894,10.70624,11.39296,11.29211,..,9.84862,9.31088,..,..,..,..,..,..,1.91868,1.11506,1.09521,1.01402,0.81319,0.45693,..,..,..,..,..,..
Portugal,PRT,"Out-of-school rate for youth of upper secondary school age, both sexes (%)",UIS.ROFST.3.CP,19.1044,14.1129,19.93688,21.18113,21.44163,..,18.73276,17.7061,..,..,..,..,..,..,2.91307,1.27456,1.32787,1.5495,1.27286,0.79065,..,..,..,..,..,..
Portugal,PRT,"Out-of-school rate for youth of upper secondary school age, both sexes (household survey data) (%)",UIS.ROFST.H.3,..,..,..,..,..,..,..,..,..,..,..,..,..,..,..,..,..,..,..,..,..,..,..,..,..,..
Romania,ROU,"Enrolment in upper secondary education, both sexes (number)",UIS.E.3,945602,916610,927469,963010,1010619,1038041,1063337,1051851,1031308,1011385,973213,952742,920991,901056,851544,803109,777860,742297,735222,727911,..,..,..,..,..,..
Romania,ROU,"Enrolment in upper secondary education, female (number)",UIS.E.3.F,472093,458147,462920,483166,506866,519172,531896,522269,505422,492582,474311,461746,444370,437039,412372,391257,380893,363030,361260,358286,..,..,..,..,..,..
Romania,ROU,"Enrolment in upper secondary education, male (number)",UIS.E.3.M,473509,458463,464549,479844,503753,518869,531441,529582,525886,518803,498902,490996,476621,464017,439172,411852,396967,379267,373962,369625,..,..,..,..,..,..
Romania,ROU,"Gross enrolment ratio, upper secondary, both sexes (%)",SE.SEC.ENRR.UP,67.9202,67.94984,69.19768,71.63814,73.24993,73.17146,74.45232,75.46761,79.63848,86.19056,91.83412,97.38781,99.0608,100.52973,96.6177,91.8991,89.99999,87.14738,88.22773,89.48321,..,..,..,..,..,..
Romania,ROU,"Gross enrolment ratio, upper secondary, female (%)",SE.SEC.ENRR.UP.FE,69.52328,69.64922,70.8469,73.69784,75.31027,75.02095,76.35711,76.84054,80.13007,86.26005,92.01007,97.05256,98.3089,100.43595,96.5035,92.41818,90.98103,87.94246,89.40353,90.77426,..,..,..,..,..,..
Romania,ROU,"Gross enrolment ratio, upper secondary, male (%)",SE.SEC.ENRR.UP.MA,66.39385,66.33249,67.6289,69.67732,71.28758,71.40995,72.63874,74.16087,79.17168,86.12468,91.66746,97.7052,99.77225,100.61822,96.72519,91.41135,89.07836,86.39969,87.12088,88.26634,..,..,..,..,..,..
Romania,ROU,"Total net enrolment rate, upper secondary, both sexes (%)",UIS.NERT.3,..,..,..,..,..,..,..,..,..,..,..,..,..,..,..,81.1272,80.17561,78.78728,79.33394,80.14189,..,..,..,..,..,..
Romania,ROU,"Total net enrolment rate, upper secondary, female (%)",UIS.NERT.3.F,..,..,..,..,..,..,..,..,..,..,..,..,..,..,..,81.79802,81.14587,79.85,80.76238,81.36433,..,..,..,..,..,..
Romania,ROU,"Total net enrolment rate, upper secondary, male (%)",UIS.NERT.3.M,..,..,..,..,..,..,..,..,..,..,..,..,..,..,..,80.49686,79.26411,77.7879,77.98926,78.98969,..,..,..,..,..,..
Romania,ROU,"Out-of-school rate for adolescents and youth of lower and upper secondary school age, both sexes (%)",UIS.ROFST.2T3.CP,..,..,..,..,..,..,..,..,..,..,..,..,..,..,..,11.94415,12.84092,14.15344,14.12177,14.36642,..,..,..,..,..,..
Romania,ROU,"Out-of-school rate for youth of upper secondary school age, both sexes (%)",UIS.ROFST.3.CP,..,..,..,..,..,..,..,..,..,..,..,..,..,..,..,18.8728,19.82439,21.21272,20.66606,19.85811,..,..,..,..,..,..
Romania,ROU,"Out-of-school rate for youth of upper secondary school age, both sexes (household survey data) (%)",UIS.ROFST.H.3,..,..,..,..,..,..,..,..,..,..,..,..,..,..,..,..,..,..,..,..,..,..,..,..,..,..
Serbia,SRB,"Enrolment in upper secondary education, both sexes (number)",UIS.E.3,337226,332559,323490,314556,310235,302612,297708,293711,290387,288163,288121,286844,285596,283173,280422,270356,263124,255812,251884,250946,254101,..,..,..,..,..
Serbia,SRB,"Enrolment in upper secondary education, female (number)",UIS.E.3.F,168754,167597,162264,159763,157534,152985,150508,148916,146366,145058,144746,143222,141675,140846,139523,134092,130065,126259,124007,123719,125342,..,..,..,..,..
Serbia,SRB,"Enrolment in upper secondary education, male (number)",UIS.E.3.M,168472,164962,161226,154793,152701,149627,147200,144795,144021,143105,143375,143622,143921,142327,140899,136264,133059,129553,127877,127227,128759,..,..,..,..,..
Serbia,SRB,"Gross enrolment ratio, upper secondary, both sexes (%)",SE.SEC.ENRR.UP,83.11955,81.89132,80.25554,79.07927,79.26047,79.04399,79.74756,80.58158,81.56205,83.21484,84.21906,84.95306,87.27471,87.98182,89.83997,89.84195,91.38154,91.74973,90.52532,89.59797,89.36928,..,..,..,..,..
Serbia,SRB,"Gross enrolment ratio, upper secondary, female (%)",SE.SEC.ENRR.UP.FE,85.05875,84.25008,82.25811,82.05683,82.32638,82.03037,82.70307,83.86421,84.24524,85.62035,86.65401,86.94771,89.25928,90.39774,92.24539,91.86145,93.13641,93.22755,91.7578,90.96383,90.64297,..,..,..,..,..
Serbia,SRB,"Gross enrolment ratio, upper secondary, male (%)",SE.SEC.ENRR.UP.MA,81.26378,79.62639,78.33616,76.22455,76.32798,76.20733,76.93634,77.46321,79.00479,80.91062,81.89581,83.05306,85.40545,85.71489,87.57855,87.93949,89.72891,90.35387,89.36136,88.30854,88.16332,..,..,..,..,..
Serbia,SRB,"Total net enrolment rate, upper secondary, both sexes (%)",UIS.NERT.3,..,..,..,..,..,..,..,..,..,83.2056,84.09659,85.03658,88.64771,88.97171,88.89903,87.59853,89.33319,89.05977,88.87248,88.18909,87.73771,..,..,..,..,..
Serbia,SRB,"Total net enrolment rate, upper secondary, female (%)",UIS.NERT.3.F,..,..,..,..,..,..,..,..,..,85.56664,86.58038,86.87364,90.23141,91.28601,91.17565,89.3733,90.83996,90.42243,90.12845,89.52349,89.13878,..,..,..,..,..
Serbia,SRB,"Total net enrolment rate, upper secondary, male (%)",UIS.NERT.3.M,..,..,..,..,..,..,..,..,..,80.94398,81.72674,83.28669,87.15604,86.80012,86.7587,85.92661,87.91422,87.77269,87.68632,86.92936,86.41113,..,..,..,..,..
Serbia,SRB,"Out-of-school rate for adolescents and youth of lower and upper secondary school age, both sexes (%)",UIS.ROFST.2T3.CP,..,..,..,..,..,..,..,..,..,9.65156,8.9887,9.09216,6.30242,6.07056,5.97076,7.00064,5.3892,6.05125,6.27824,6.75804,7.25142,..,..,..,..,..
Serbia,SRB,"Out-of-school rate for youth of upper secondary school age, both sexes (%)",UIS.ROFST.3.CP,..,..,..,..,..,..,..,..,..,16.7944,15.90341,14.96342,11.35229,11.02829,11.10097,12.40147,10.66681,10.94023,11.12752,11.81091,12.26229,..,..,..,..,..
Serbia,SRB,"Out-of-school rate for youth of upper secondary school age, both sexes (household survey data) (%)",UIS.ROFST.H.3,..,..,..,..,..,..,..,..,..,..,..,..,10.74206,..,..,10.37421,..,..,..,..,..,..,..,..,..,..
Slovak Republic,SVK,"Enrolment in upper secondary education, both sexes (number)",UIS.E.3,302185,262647,264709,275098,288941,302968,302597,295073,290456,281658,275425,269472,256746,243400,222339,207550,200361,195344,189842,187719,..,..,..,..,..,..
Slovak Republic,SVK,"Enrolment in upper secondary education, female (number)",UIS.E.3.F,151226,132499,132529,137191,143759,151782,150730,146746,144669,140369,137304,134122,127279,120287,111493,103461,99570,97105,94447,93477,..,..,..,..,..,..
Slovak Republic,SVK,"Enrolment in upper secondary education, male (number)",UIS.E.3.M,150959,130148,132180,137907,145182,151186,151867,148327,145787,141289,138121,135350,129467,123113,110846,104089,100791,98239,95395,94242,..,..,..,..,..,..
Slovak Republic,SVK,"Gross enrolment ratio, upper secondary, both sexes (%)",SE.SEC.ENRR.UP,81.90849,72.46754,74.18059,78.22974,83.36488,88.82504,90.3825,89.96951,90.66465,90.05275,90.3827,91.17984,90.16224,89.31782,85.7323,84.18,85.09199,86.20121,86.25104,87.25272,..,..,..,..,..,..
Slovak Republic,SVK,"Gross enrolment ratio, upper secondary, female (%)",SE.SEC.ENRR.UP.FE,83.75017,74.71594,75.91392,79.71308,84.70263,90.83575,91.89173,91.35938,92.24927,91.76244,92.22771,92.99239,91.67711,90.53189,88.1744,86.08049,86.77502,87.9654,88.09615,89.19306,..,..,..,..,..,..
Slovak Republic,SVK,"Gross enrolment ratio, upper secondary, male (%)",SE.SEC.ENRR.UP.MA,80.14302,70.3134,72.52038,76.80787,82.08123,86.894,88.93281,88.63545,89.1451,88.41615,88.62034,89.45212,88.721,88.16267,83.40871,82.37235,83.49224,84.52557,84.49887,85.40978,..,..,..,..,..,..
Slovak Republic,SVK,"Total net enrolment rate, upper secondary, both sexes (%)",UIS.NERT.3,..,..,..,86.2686,88.67853,90.31382,89.70776,89.76675,90.58693,90.00352,90.15364,89.18248,87.32371,86.5649,85.95903,86.98181,88.82802,89.95075,89.57765,89.14494,..,..,..,..,..,..
Slovak Republic,SVK,"Total net enrolment rate, upper secondary, female (%)",UIS.NERT.3.F,..,..,..,86.78954,89.24889,91.02247,90.62367,90.5021,91.13465,90.55697,90.80638,89.96388,87.93739,86.89216,86.19727,86.99653,88.8518,90.12501,89.6921,89.29229,..,..,..,..,..,..
Slovak Republic,SVK,"Total net enrolment rate, upper secondary, male (%)",UIS.NERT.3.M,..,..,..,85.76927,88.13123,89.63325,88.82799,89.06092,90.0617,89.47372,89.53015,88.43764,86.73985,86.25352,85.73235,86.96781,88.80541,89.78524,89.46898,89.00499,..,..,..,..,..,..
Slovak Republic,SVK,"Out-of-school rate for adolescents and youth of lower and upper secondary school age, both sexes (%)",UIS.ROFST.2T3.CP,..,..,..,7.76254,6.57415,5.79848,6.55041,7.355,7.59322,7.98674,8.00587,7.87885,7.93717,8.11655,8.63851,8.36124,7.51939,7.07891,7.19459,7.41317,..,..,..,..,..,..
Slovak Republic,SVK,"Out-of-school rate for youth of upper secondary school age, both sexes (%)",UIS.ROFST.3.CP,..,..,..,13.7314,11.32147,9.68618,10.29224,10.23325,9.41307,9.99648,9.84636,10.81752,12.67629,13.4351,14.04097,13.01819,11.17198,10.04925,10.42235,10.85506,..,..,..,..,..,..
Slovak Republic,SVK,"Out-of-school rate for youth of upper secondary school age, both sexes (household survey data) (%)",UIS.ROFST.H.3,..,..,..,..,..,..,..,..,..,..,..,..,..,..,..,..,..,..,..,..,..,..,..,..,..,..
Slovenia,SVN,"Enrolment in upper secondary education, both sexes (number)",UIS.E.3,117038,116921,125085,123943,124916,101656,100140,98005,94539,89990,85995,83432,80761,78829,92998,90717,88652,95339,93867,92466,..,..,..,..,..,..
Slovenia,SVN,"Enrolment in upper secondary education, female (number)",UIS.E.3.F,58648,58498,62736,61260,61206,49908,48920,47835,45775,43600,41689,40255,38925,38075,45261,44031,43084,46863,46051,45484,..,..,..,..,..,..
Slovenia,SVN,"Enrolment in upper secondary education, male (number)",UIS.E.3.M,58390,58423,62349,62683,63710,51748,51220,50170,48764,46390,44306,43177,41836,40754,47737,46686,45568,48476,47816,46982,..,..,..,..,..,..
Slovenia,SVN,"Gross enrolment ratio, upper secondary, both sexes (%)",SE.SEC.ENRR.UP,101.15032,103.41683,113.18373,114.41456,117.60121,97.80634,98.94573,100.03368,99.86901,99.11448,99.11711,100.39831,100.76609,100.20211,119.56698,117.82806,116.63969,127.27989,126.93821,126.62412,..,..,..,..,..,..
Slovenia,SVN,"Gross enrolment ratio, upper secondary, female (%)",SE.SEC.ENRR.UP.FE,104.13537,105.94201,115.9416,115.42157,117.67443,98.17452,98.94622,100.10673,99.46546,98.96046,99.05434,99.78187,99.9076,99.60759,120.03342,118.35654,117.67726,130.14969,129.41491,129.1242,..,..,..,..,..,..
Slovenia,SVN,"Gross enrolment ratio, upper secondary, male (%)",SE.SEC.ENRR.UP.MA,98.31953,101.00621,110.53807,113.44723,117.53095,97.45386,98.94525,99.96413,100.25081,99.25967,99.17625,100.97993,101.57821,100.764,119.12807,117.33394,115.67537,124.62337,124.64093,124.29429,..,..,..,..,..,..
Slovenia,SVN,"Total net enrolment rate, upper secondary, both sexes (%)",UIS.NERT.3,87.84948,89.248,89.97783,90.2786,91.63905,91.00216,91.66856,92.42845,92.30428,91.11175,91.82352,93.55964,94.30921,95.19258,96.21492,94.80719,96.69759,95.89907,96.16347,98.15129,..,..,..,..,..,..
Slovenia,SVN,"Total net enrolment rate, upper secondary, female (%)",UIS.NERT.3.F,90.71184,90.8434,92.22879,91.42534,92.39998,92.0273,92.6741,93.49364,93.38563,92.39866,93.0905,94.57899,95.32866,96.22498,97.24189,95.62927,97.5691,96.90893,96.76821,98.56352,..,..,..,..,..,..
Slovenia,SVN,"Total net enrolment rate, upper secondary, male (%)",UIS.NERT.3.M,85.13504,87.72497,87.81846,89.17706,90.90892,90.02072,90.70819,91.41428,91.2812,89.89858,90.6299,92.59788,93.34483,94.21684,95.24855,94.03855,95.88759,94.96427,95.60253,97.76714,..,..,..,..,..,..
Slovenia,SVN,"Out-of-school rate for adolescents and youth of lower and upper secondary school age, both sexes (%)",UIS.ROFST.2T3.CP,8.48904,7.2842,6.72385,6.05178,5.91172,6.62044,6.07789,5.27976,5.74293,5.76258,4.9981,4.21318,3.99355,4.09373,2.93086,3.41093,2.12919,2.82662,2.54302,1.74067,..,..,..,..,..,..
Slovenia,SVN,"Out-of-school rate for youth of upper secondary school age, both sexes (%)",UIS.ROFST.3.CP,12.15052,10.752,10.02217,9.7214,8.36095,8.99784,8.33144,7.57155,7.69572,8.88825,8.17648,6.44036,5.69079,4.80742,3.78508,5.19281,3.30241,4.10093,3.83653,1.84871,..,..,..,..,..,..
Slovenia,SVN,"Out-of-school rate for youth of upper secondary school age, both sexes (household survey data) (%)",UIS.ROFST.H.3,..,..,..,..,..,..,..,..,..,..,..,..,..,..,..,..,..,..,..,..,..,..,..,..,..,..
Spain,ESP,"Enrolment in upper secondary education, both sexes (number)",UIS.E.3,1401010,1197219,1189062,1145885,1080821,1072419,1125033,1113778,1114006,1107563,1102355,1173671,1228342,1256402,1632885,1662580,1688334,1706806,1696666,1708783,..,..,..,..,..,..
Spain,ESP,"Enrolment in upper secondary education, female (number)",UIS.E.3.F,739162,634983,625066,607397,565234,562446,591789,585870,588307,579292,567343,593322,611600,623164,812254,822296,834304,847098,847456,853853,..,..,..,..,..,..
Spain,ESP,"Enrolment in upper secondary education, male (number)",UIS.E.3.M,661848,562236,563996,538488,515587,509973,533244,527908,525699,528271,535012,580349,616742,633238,820631,840284,854030,859708,849210,854930,..,..,..,..,..,..
Spain,ESP,"Gross enrolment ratio, upper secondary, both sexes (%)",SE.SEC.ENRR.UP,125.13889,112.24609,116.00729,114.81434,110.95255,113.11601,121.79135,122.81481,122.56653,121.37703,120.55409,128.53921,135.15373,139.05897,121.33607,123.87872,126.27958,128.3556,128.21079,129.88295,..,..,..,..,..,..
Spain,ESP,"Gross enrolment ratio, upper secondary, female (%)",SE.SEC.ENRR.UP.FE,135.66663,122.50436,125.68132,125.3911,119.54402,122.2629,132.09723,133.22312,133.39871,130.85312,128.04036,134.31901,139.17302,142.23007,124.02585,125.6826,127.96074,130.77,131.46496,133.2929,..,..,..,..,..,..
Spain,ESP,"Gross enrolment ratio, upper secondary, male (%)",SE.SEC.ENRR.UP.MA,115.15868,102.54785,106.88889,104.83947,102.84917,104.4941,112.08657,113.01578,112.35646,112.44737,113.51594,123.12276,131.39083,136.0734,118.78621,122.16289,124.67937,126.06225,125.12008,126.6471,..,..,..,..,..,..
Spain,ESP,"Total net enrolment rate, upper secondary, both sexes (%)",UIS.NERT.3,78.73422,81.20977,82.85084,82.93473,83.00184,84.42731,86.97217,87.21049,87.08965,86.60961,87.24004,89.16836,88.61856,88.95521,90.35061,90.13399,91.29831,93.56269,96.17385,98.3443,..,..,..,..,..,..
Spain,ESP,"Total net enrolment rate, upper secondary, female (%)",UIS.NERT.3.F,80.09368,83.96867,85.85118,86.39601,86.45715,88.0836,89.79386,90.40922,90.16562,89.36242,89.85188,90.79293,89.92133,89.82375,90.8187,90.29474,91.46212,93.74461,96.73671,98.89367,..,..,..,..,..,..
Spain,ESP,"Total net enrolment rate, upper secondary, male (%)",UIS.NERT.3.M,77.44547,78.60148,80.02282,79.67042,79.74283,80.98086,84.31506,84.19901,84.19035,84.01555,84.78454,87.64591,87.39889,88.13748,89.90688,89.98109,91.14238,93.38989,95.63927,97.82297,..,..,..,..,..,..
Spain,ESP,"Out-of-school rate for adolescents and youth of lower and upper secondary school age, both sexes (%)",UIS.ROFST.2T3.CP,9.5845,8.45749,7.22239,6.61171,6.47908,6.07265,4.85364,4.57209,4.96202,5.48491,5.84733,5.96955,7.61287,7.14029,6.38871,5.60867,4.43389,3.38343,1.99153,1.0097,..,..,..,..,..,..
Spain,ESP,"Out-of-school rate for youth of upper secondary school age, both sexes (%)",UIS.ROFST.3.CP,21.26578,18.79023,17.14916,17.06527,16.99816,15.57269,13.02783,12.78951,12.91035,13.39039,12.75996,10.83164,11.38144,11.04479,9.64939,9.86601,8.70169,6.43731,3.82615,1.6557,..,..,..,..,..,..
Spain,ESP,"Out-of-school rate for youth of upper secondary school age, both sexes (household survey data) (%)",UIS.ROFST.H.3,..,..,..,..,..,..,..,..,..,..,..,..,..,..,..,..,..,..,..,..,..,..,..,..,..,..
Turkiye,TUR,"Enrolment in upper secondary education, both sexes (number)",UIS.E.3,2525047,2305143,2825570,3148781,3314812,3032115,2724676,2929435,3032821,2911176,3329122,3639101,3970397,3816018,4995623,5420178,5691071,5807643,5849970,5689427,..,..,..,..,..,..
Turkiye,TUR,"Enrolment in upper secondary education, female (number)",UIS.E.3.F,954878,884827,1058599,1171251,1234542,1202863,1176937,1266580,1321686,1313078,1537710,1668909,1808127,1796753,2352209,2560696,2702143,2760501,2723948,2704248,..,..,..,..,..,..
Turkiye,TUR,"Enrolment in upper secondary education, male (number)",UIS.E.3.M,1570169,1420316,1766971,1977530,2080270,1829252,1547739,1662855,1711135,1598098,1791412,1970192,2162270,2019265,2643414,2859482,2988928,3047142,3126022,2985179,..,..,..,..,..,..
Turkiye,TUR,"Gross enrolment ratio, upper secondary, both sexes (%)",SE.SEC.ENRR.UP,65.55043,59.82167,73.50692,82.25215,86.88486,79.72895,71.88544,77.58414,80.6445,77.68667,66.61252,72.50355,78.33628,74.23022,95.66864,102.39775,106.4237,107.87419,108.31974,105.01424,..,..,..,..,..,..
Turkiye,TUR,"Gross enrolment ratio, upper secondary, female (%)",SE.SEC.ENRR.UP.FE,49.97715,46.31601,55.57274,61.76963,65.37122,63.94442,62.82449,67.91911,71.20294,71.04009,62.39248,67.48037,72.46055,71.02445,91.58697,98.4187,102.87521,104.48069,102.87022,101.92797,..,..,..,..,..,..
Turkiye,TUR,"Gross enrolment ratio, upper secondary, male (%)",SE.SEC.ENRR.UP.MA,80.87656,73.10119,91.12504,102.35424,107.97242,95.17826,80.74051,87.01578,89.84671,84.15613,70.7183,77.383,84.03447,77.33622,99.61918,106.24436,109.84918,111.14454,113.56186,107.97596,..,..,..,..,..,..
Turkiye,TUR,"Total net enrolment rate, upper secondary, both sexes (%)",UIS.NERT.3,49.16497,48.23362,51.85545,51.79866,56.16419,59.04756,62.00971,64.79954,66.46812,66.04636,67.34865,74.63556,80.54763,75.23055,83.35189,85.7881,84.9281,83.8671,85.43051,83.00095,..,..,..,..,..,..
Turkiye,TUR,"Total net enrolment rate, upper secondary, female (%)",UIS.NERT.3.F,40.90182,40.86572,43.94603,43.80427,47.90152,51.52535,55.1209,57.94853,59.92025,61.00813,63.45708,70.81285,76.89725,73.04914,81.28248,84.7911,83.82459,83.36174,83.75892,82.71944,..,..,..,..,..,..
Turkiye,TUR,"Total net enrolment rate, upper secondary, male (%)",UIS.NERT.3.M,57.29698,55.47815,59.62548,59.64457,64.26323,66.41003,68.742,71.48512,72.85001,70.95033,71.13486,78.34889,84.08772,77.34407,85.35482,86.75193,85.99336,84.35412,87.03849,83.2711,..,..,..,..,..,..
Turkiye,TUR,"Out-of-school rate for adolescents and youth of lower and upper secondary school age, both sexes (%)",UIS.ROFST.2T3.CP,35.97183,31.83447,28.03816,27.49542,25.20124,23.42816,21.69277,19.94044,18.75648,18.55736,19.66572,15.09982,11.46153,14.40399,9.8717,9.84639,11.54799,12.97794,11.75278,11.62808,..,..,..,..,..,..
Turkiye,TUR,"Out-of-school rate for youth of upper secondary school age, both sexes (%)",UIS.ROFST.3.CP,50.83503,51.76638,48.14455,48.20134,43.83581,40.95244,37.99029,35.20046,33.53188,33.95364,32.65135,25.36444,19.45237,24.76945,16.64811,14.2119,15.0719,16.1329,14.56949,16.99905,..,..,..,..,..,..
Turkiye,TUR,"Out-of-school rate for youth of upper secondary school age, both sexes (household survey data) (%)",UIS.ROFST.H.3,..,..,..,..,..,31.50968,..,..,..,..,..,..,..,..,..,19.82835,..,..,..,..,..,..,..,..,..,..
,,,,,,,,,,,,,,,,,,,,,,,,,,,,,
,,,,,,,,,,,,,,,,,,,,,,,,,,,,,
,,,,,,,,,,,,,,,,,,,,,,,,,,,,,
Data from database: Education Statistics - All Indicators,,,,,,,,,,,,,,,,,,,,,,,,,,,,,
Last Updated: 06/25/2024,,,,,,,,,,,,,,,,,,,,,,,,,,,,,
